Stickstoff,Phosphor,Kalium,Temperatur,Feuchtigkeit,ph,Regenfall,Pflanzenart
71,54,16,22.61359953,63.69070564,5.749914421,87.75953857,Mais
61,44,17,26.10018422,71.57476937,6.931756558,102.2662445,Mais
80,43,16,23.55882094,71.59351368,6.657964753,66.71995467,Mais
73,58,21,19.97215954,57.68272924,6.596060648,60.65171481,Mais
61,38,20,18.47891261,62.69503871,5.970458434,65.43835393,Mais
68,41,16,21.77689322,57.80840636,6.158830619,102.0861694,Mais
93,41,17,25.6217169,66.50415474,6.047906679,105.4654703,Mais
89,60,19,25.19192419,66.6902901,5.913664501,78.06639649,Mais
76,44,17,20.41683147,62.5542482,5.855442401,65.27798457,Mais
67,60,25,24.92162194,66.78627406,5.750254943,109.2162279,Mais
70,44,19,23.31689124,73.4541537,5.852607099,94.29712821,Mais
90,49,21,24.84016732,68.3584573,6.472523287,74.05474936,Mais
62,52,16,22.27526694,58.84015925,6.967057762,63.87020584,Mais
92,44,16,18.87751445,65.76816093,6.082973754,94.76189431,Mais
66,54,21,25.19008683,60.2001687,5.919045532,72.12375573,Mais
63,58,22,18.25405352,55.28220433,6.204747653,63.72358154,Mais
70,47,17,24.6129118,70.4162444,6.600827017,104.1626147,Mais
61,41,17,25.1420613,65.26185135,6.021902237,76.68456006,Mais
66,53,19,23.09348056,60.1159381,6.033550195,65.49730729,Mais
74,55,19,18.05033737,62.89366992,6.28886807,84.23613484,Mais
77,57,21,24.9321581,73.80435276,6.550563823,79.74078719,Mais
99,50,15,18.14710054,71.09445342,5.573286437,88.07753741,Mais
74,56,22,18.28362235,66.65952796,6.829199275,80.97573281,Mais
83,45,21,18.83344471,58.75082029,5.716222912,79.7532896,Mais
100,48,16,25.71895816,67.22190688,5.54990242,74.51490791,Mais
79,51,16,25.33797709,68.49835977,6.586244581,96.46380213,Mais
94,39,18,23.89114571,57.48775781,5.893093135,102.8301942,Mais
75,49,15,21.53574127,71.50905983,5.918263801,102.4852929,Mais
78,48,22,23.08974909,63.10459626,5.588650585,70.43473609,Mais
87,54,20,25.61707368,63.4711755,6.576418207,108.8303762,Mais
87,35,25,21.44526922,63.1621551,6.178056304,65.88951188,Mais
63,43,19,18.51816776,55.53128131,6.641906353,90.988051,Mais
84,57,25,22.53510514,67.99257471,6.489040367,64.40866039,Mais
64,35,23,23.02038334,61.89472002,5.680361038,63.03843397,Mais
60,46,22,24.89364635,65.61418761,6.625404348,87.9298085,Mais
98,44,21,25.77175115,74.089114,6.524478032,107.4931917,Mais
75,56,18,19.39851734,62.35750641,5.696205468,60.95197486,Mais
86,55,21,21.54156232,59.64024162,6.803931519,109.7515385,Mais
98,35,18,23.79746068,74.82913698,6.252797548,91.76337172,Mais
76,57,18,18.9802729,74.52600826,6.092725883,94.26249353,Mais
99,56,17,24.10859207,73.13112261,6.234330356,71.07562236,Mais
60,44,23,24.7947077,70.04556743,5.722579819,76.72860067,Mais
74,48,17,21.63162756,60.27766379,6.430616465,69.21803098,Mais
89,60,17,25.37548751,57.21025565,5.983952675,101.7004306,Mais
69,51,23,22.21738222,72.85462807,6.80163854,106.6213157,Mais
96,46,22,20.58314011,69.00128641,6.499936446,66.29390357,Mais
61,60,15,24.87502824,68.74248334,6.265564338,91.26056654,Mais
74,58,18,20.03728219,56.35606753,6.727303282,109.024141,Mais
74,43,23,25.95263264,61.89082199,6.325235159,99.57981207,Mais
63,43,17,19.28889933,65.47050802,6.807487794,71.3195307,Mais
99,36,20,20.57981887,65.34583901,6.671085817,78.34604471,Mais
77,36,23,24.71417533,56.73426469,6.648725327,88.45361858,Mais
87,60,23,20.27317074,63.91281869,6.439071996,62.50351892,Mais
60,38,17,18.41932981,64.23580251,6.474476516,76.41312437,Mais
94,54,17,23.39128187,61.74427165,5.871647806,107.3198135,Mais
95,38,22,19.84939404,61.24500053,5.730617109,100.7689246,Mais
84,44,21,21.869274,61.91044947,5.850439831,107.2681929,Mais
77,58,19,22.8056033,56.50768935,5.791649933,101.5952794,Mais
66,44,20,19.0781471,69.02298571,6.740000688,80.72515943,Mais
63,35,16,22.02720976,65.35549924,6.272417541,83.73280082,Mais
79,45,20,23.80546189,59.24537979,5.715208817,89.9622014,Mais
72,60,25,18.52510753,69.0276233,5.773454729,88.10234397,Mais
67,51,24,23.50297882,61.32026065,5.584171461,64.77791424,Mais
86,36,24,26.54986394,72.89187265,5.787268394,73.33636055,Mais
76,48,18,19.29563411,69.63481219,5.77597783,83.21030571,Mais
75,53,18,20.68899915,59.4375337,6.864793607,103.651438,Mais
81,45,23,19.32666088,68.034493,6.192360003,84.22969177,Mais
73,45,21,24.60532218,73.58868502,6.636803223,96.59195302,Mais
71,35,24,22.27373646,59.52193158,5.826426917,67.96704792,Mais
96,54,22,25.70196694,61.33450447,6.960358276,83.20711308,Mais
99,39,18,19.20129357,68.30578978,6.11275104,87.85092352,Mais
62,48,20,21.70181447,60.47470519,6.708446922,95.71388473,Mais
86,37,16,20.51716779,59.21235483,5.561510732,67.61013737,Mais
94,50,19,23.30355338,73.62548442,5.873242491,97.59081274,Mais
76,39,24,24.2547451,55.64709899,6.995843776,64.23845455,Mais
77,52,17,24.86374934,65.7420046,5.714799723,75.82270467,Mais
74,39,23,22.6265115,65.77472881,6.78073637,88.17251033,Mais
81,49,20,18.04185513,60.61494304,5.513697923,104.2321615,Mais
63,42,21,23.26237612,72.33125523,5.798423908,67.10225139,Mais
99,38,21,22.88330922,71.59722446,6.352471866,67.72777298,Mais
90,52,25,25.97482359,69.36385721,6.822586546,103.2234212,Mais
68,40,19,26.14384005,66.20569924,6.655426355,107.2361366,Mais
60,57,24,18.66116213,61.55327249,6.121294041,75.03247667,Mais
71,52,18,25.10787449,55.97732754,5.790770203,78.16077693,Mais
61,59,17,23.33844615,59.24580604,6.47444292,105.0083144,Mais
88,38,15,25.08239719,65.92195844,6.455116637,62.49190812,Mais
65,60,22,25.36768364,72.52054555,6.606984086,107.9124111,Mais
78,37,22,25.34217103,63.31801994,6.330554389,74.52082026,Mais
78,58,15,25.00933355,67.816568,6.528631266,62.91359494,Mais
92,60,23,18.66746724,71.516474,5.721667141,69.93293255,Mais
79,59,17,20.37999665,63.73849998,6.644205485,108.5054416,Mais
91,55,15,18.09300227,72.61024172,6.376651091,78.96159541,Mais
76,51,18,26.16985907,71.96246617,6.247040422,79.84925393,Mais
87,48,25,18.65396672,61.37879671,6.656730008,93.62039175,Mais
71,60,22,26.07470121,59.37147589,6.2048017,85.75692395,Mais
90,57,24,18.92851916,72.80086137,6.158860284,82.34162918,Mais
67,35,22,23.30546753,63.24648023,6.385684214,108.7603001,Mais
60,54,19,18.74826712,62.49878458,6.417820493,70.23401597,Mais
83,58,23,19.74213321,59.66263104,6.381201909,65.50861389,Mais
83,57,19,25.73044432,70.74739256,6.877869005,98.73771338,Mais
91,94,46,29.36792366,76.24900101,6.149934034,92.82840911,Banane
105,95,50,27.33368994,83.67675197,5.849076099,101.0494791,Banane
108,92,53,27.40053601,82.96221306,6.276800323,104.9378,Banane
86,76,54,29.3159075,80.11585705,5.926824754,90.10978128,Banane
80,77,49,26.05433004,79.39654531,5.519088423,113.2297373,Banane
93,94,53,25.86632408,84.42379269,6.079178788,114.5357503,Banane
90,92,55,27.00932084,80.18546798,6.13465588,97.32531705,Banane
108,89,53,29.55054817,78.06762846,5.808497604,99.34482238,Banane
108,88,55,26.28845991,83.390039,5.891458107,113.8729798,Banane
105,77,52,29.16226551,76.16151562,5.816622479,100.0075679,Banane
118,88,52,28.65003945,82.68752542,5.843163161,98.75084366,Banane
101,87,54,29.07311132,76.50045221,6.376756633,100.1692639,Banane
95,75,50,28.08166093,75.26429821,5.623615687,118.2761894,Banane
106,85,53,27.1994597,78.8086068,5.91505509,99.72430835,Banane
86,95,49,28.05484146,78.04602887,6.458714879,108.3957179,Banane
83,79,55,25.14748006,83.34688193,5.565028635,98.66679427,Banane
85,95,47,25.94019018,78.3422098,6.211833161,119.84797,Banane
109,79,45,27.66752761,79.68542782,6.490074429,108.66464,Banane
100,76,45,25.56703012,75.94067692,5.590236025,102.7867717,Banane
117,86,48,28.6956201,82.54195839,6.225225239,116.1616839,Banane
114,94,53,26.33544853,76.8532006,6.190757459,118.6858263,Banane
110,78,50,25.93730186,78.89864446,5.915568968,98.21747528,Banane
94,70,48,25.13686519,84.88394407,6.195152442,91.46442491,Banane
80,71,47,27.50527651,80.79783998,6.156373499,105.0776992,Banane
114,79,51,26.21009246,82.34429458,6.313197204,112.0700033,Banane
88,78,45,29.10403455,79.19588629,6.324270089,92.07835761,Banane
112,73,48,29.2440638,77.32017166,5.707488987,90.66727868,Banane
117,76,47,25.56202173,77.38229006,6.119216009,93.10247183,Banane
111,87,48,26.3985515,81.36028902,5.571401169,98.16752001,Banane
89,83,47,28.09577643,77.79586769,5.63127166,109.5408614,Banane
93,91,47,27.84767901,83.31110751,6.101241579,117.2878912,Banane
92,81,52,27.39341554,81.4654833,6.438137279,94.31102057,Banane
105,74,45,25.14517635,81.38204104,6.098369122,119.218154,Banane
102,71,48,28.65456263,79.28693687,5.695267822,102.4633775,Banane
94,91,51,29.16093424,76.67484233,5.618094446,109.575944,Banane
116,71,47,27.57278064,82.0638878,6.435785799,91.34276507,Banane
117,79,49,25.40909896,82.36208097,6.176644228,112.9794804,Banane
119,72,55,25.99069521,83.33983116,6.220643671,112.0777152,Banane
99,73,53,26.29039046,81.06003778,5.871702211,118.6730366,Banane
91,84,52,29.14827211,78.71024836,6.390741836,117.536781,Banane
80,90,47,26.59743595,79.35898915,6.21084479,107.3944717,Banane
101,70,48,25.36059237,75.03193255,6.012696655,116.5531455,Banane
108,89,53,29.12036889,80.18080728,5.908770059,112.3982055,Banane
100,80,52,27.53911354,77.25629897,6.049801781,110.3262123,Banane
109,91,53,29.66727337,83.51014178,6.010095853,110.2511102,Banane
82,78,46,25.05802193,84.97323747,5.738678895,110.4408803,Banane
106,70,55,25.86824781,78.52399914,5.74055541,116.3019555,Banane
90,86,52,25.85036988,81.95580471,5.793260262,119.0856171,Banane
83,95,50,26.51682337,77.79913575,5.50947065,108.8547508,Banane
119,90,48,28.66725136,79.59242542,5.986442306,118.2583441,Banane
107,72,45,28.14938935,81.54448882,5.790768046,91.40508414,Banane
116,81,55,26.42313317,83.6995044,5.915546415,95.12322062,Banane
101,75,50,26.59386409,81.40740301,6.242528278,109.9825551,Banane
93,81,50,27.71822477,76.57853189,6.036079266,102.2099836,Banane
95,75,45,28.98333432,82.95958244,5.829898502,109.022564,Banane
107,71,55,29.42017919,83.96754496,6.088064451,117.229079,Banane
83,94,47,27.39872329,81.10523402,6.469370954,112.1355384,Banane
102,73,54,26.4020227,84.41007614,5.720726906,111.0162259,Banane
86,79,45,27.81251452,82.69285419,5.80766417,99.20961514,Banane
117,86,53,25.19640218,83.55829874,5.703381728,115.8586081,Banane
111,79,53,28.31193338,75.77363772,6.165001278,119.695765,Banane
95,74,50,25.90113128,80.47152737,6.002481605,110.10323,Banane
91,75,55,27.48612983,76.11239849,6.212369363,109.2768851,Banane
93,83,46,29.38254012,83.50423735,5.765308943,109.2486647,Banane
92,85,51,29.22118628,81.08183635,5.740764682,108.8616474,Banane
104,80,54,27.09062164,81.33506906,5.879119455,110.1331182,Banane
103,72,51,26.12643374,81.81365007,6.099478745,104.4812858,Banane
92,75,45,29.01207743,77.95192527,5.674403359,90.43495443,Banane
93,85,49,27.96799119,79.28625709,5.694243847,119.4765557,Banane
120,87,52,28.0764455,76.05522115,5.905494703,118.9923573,Banane
108,72,46,25.16278237,84.97849241,6.110844721,90.94554618,Banane
105,88,54,25.78749808,84.51194224,6.020445317,114.2005455,Banane
98,79,50,25.34119774,84.47321314,6.435917308,91.06493353,Banane
111,88,55,29.44795403,78.34971537,5.505393833,96.45042585,Banane
97,74,45,26.47522633,78.51833782,5.677719902,113.1161095,Banane
95,82,48,27.39489579,83.31172003,5.719014989,92.78133617,Banane
89,91,55,25.08347445,80.261731,6.275572298,94.32961456,Banane
89,85,55,26.6719835,76.48541655,6.275384607,91.73358569,Banane
118,88,51,25.44926208,79.49221962,6.201911642,100.6619171,Banane
101,92,45,28.22776705,80.6430384,5.758054257,98.00403016,Banane
99,92,47,28.1279509,77.48247073,6.323933647,103.5045395,Banane
82,77,46,28.9470467,82.1888998,5.901100841,95.83016448,Banane
90,86,55,27.96236771,84.15403614,5.644486582,97.55986676,Banane
95,88,52,28.00316034,78.90085998,6.235461772,94.68180316,Banane
104,73,46,29.1400919,80.1190228,6.28236237,90.45142867,Banane
102,73,52,27.9122104,83.36307683,6.356090905,90.24211529,Banane
100,74,52,25.43480512,81.53977797,5.837258235,96.47800391,Banane
94,89,48,28.55980972,84.51602322,5.653437902,111.0843029,Banane
99,70,46,26.59580783,82.99556744,5.727469947,100.5123341,Banane
112,87,48,27.19711623,77.3970629,6.200111068,99.46950465,Banane
117,82,45,25.29391516,79.29122198,5.614471478,105.4220251,Banane
96,86,51,29.90888522,76.98740841,6.257369799,91.99964712,Banane
113,85,45,27.94972463,76.63713353,6.037430836,109.0921631,Banane
105,93,46,25.01018457,78.76260938,5.760457558,108.3690513,Banane
85,89,51,29.21144871,84.70189923,6.158164422,108.5501443,Banane
108,94,47,27.35911627,84.54625006,6.387431383,90.81250457,Banane
92,81,52,28.0106804,76.52808057,5.891413895,103.7040783,Banane
110,71,54,28.67208915,82.20793613,5.725418961,94.37987496,Banane
82,75,55,27.34585147,78.4873835,6.281069505,92.15524332,Banane
117,81,53,29.50704598,78.20585613,5.507641778,98.12565829,Banane
24,130,195,29.99677232,81.54156612,6.112305667,67.12534492,Traube
13,144,204,30.7280404,82.42614055,6.092241627,68.38135469,Traube
22,123,205,32.44577836,83.88504863,5.896343436,68.73932528,Traube
36,125,196,37.46566825,80.65968681,6.15526103,66.83872293,Traube
24,131,196,22.03296178,83.74372787,5.732453638,65.34440794,Traube
2,123,198,39.64851881,82.21079946,6.253034534,70.39906054,Traube
35,140,197,16.77557314,82.75241875,6.106190557,66.76285469,Traube
11,122,195,12.14190714,83.56812483,5.647202395,69.63122027,Traube
6,123,203,12.7567962,81.62497448,6.130310493,66.77844567,Traube
17,134,204,39.04071989,80.18393287,6.499604931,73.88467027,Traube
25,130,197,39.70772192,82.68593454,5.554831977,74.91506217,Traube
27,145,205,9.467960445,82.29335466,5.800242694,66.02765219,Traube
9,122,201,29.58748357,80.91934392,5.570290539,68.06417307,Traube
16,139,203,17.82803682,80.96093443,6.27564088,65.84748763,Traube
32,141,204,8.825674745,82.89753705,5.536645599,67.235765,Traube
22,138,195,27.83487131,83.51444973,6.208196881,73.02882766,Traube
31,144,202,11.02105378,80.55557235,5.870600622,68.23963161,Traube
3,136,205,17.5862944,80.84806564,6.334771461,71.4065452,Traube
28,122,197,19.89363946,82.73366439,5.856575335,69.66256816,Traube
4,136,204,29.93707596,81.77713468,5.898944282,65.52279323,Traube
39,145,201,36.73126647,80.58931938,5.775600435,72.24230804,Traube
38,132,197,20.42094753,81.54185044,5.931101816,66.93065667,Traube
36,133,198,25.51939719,83.98351748,6.2286454,69.17281221,Traube
25,121,201,30.50734778,82.71775569,5.594240603,70.08200379,Traube
15,125,199,18.4269936,80.55625868,5.569230319,69.75734306,Traube
24,140,205,12.087022,83.59398734,5.93202852,68.66813363,Traube
13,132,203,23.60115364,82.48336987,6.423216506,73.23901752,Traube
5,126,197,12.80000387,81.20876367,6.417500829,67.10439401,Traube
30,120,200,38.06099482,82.24729637,6.234904253,65.70148216,Traube
23,142,197,39.06555518,82.03812973,6.000573725,69.30772897,Traube
26,135,203,33.78372897,81.16314317,5.685102769,74.53557341,Traube
7,126,203,16.76201707,82.00335557,5.662140095,73.28712806,Traube
32,139,198,35.89307536,82.66850729,6.358186848,66.53946559,Traube
9,141,202,21.01245395,81.17931863,6.119495295,66.38448261,Traube
20,142,196,10.89875873,80.01639435,6.207600783,68.69420397,Traube
32,129,201,16.36251869,83.00471609,6.48754639,71.55665483,Traube
3,134,199,20.28370163,81.32235739,5.81717753,71.06611222,Traube
38,138,204,25.11108456,83.25447587,6.325480034,73.01026829,Traube
14,131,198,33.4641162,83.86742974,5.562790949,67.92204319,Traube
20,122,204,11.7976469,80.86325389,6.487369687,65.06962486,Traube
40,126,201,11.36300891,80.03100049,6.116982944,71.18289431,Traube
36,128,204,25.23542319,80.68700527,5.695792761,67.03840888,Traube
11,132,197,15.99050693,81.23966573,5.734317007,74.40198861,Traube
0,137,195,22.4359017,80.18612085,6.329499832,65.3973168,Traube
19,123,200,34.76086052,81.03544763,6.167013532,65.70430027,Traube
31,136,197,31.11047251,83.34010951,5.653776058,71.43001582,Traube
4,134,200,28.57828803,80.95628959,5.840256272,73.34232097,Traube
39,139,201,41.18664903,81.01783402,5.539980812,68.68895899,Traube
8,127,196,27.02766138,83.17093908,5.833302165,70.95666003,Traube
39,138,203,21.19339319,82.33098331,6.399433771,74.62834921,Traube
32,120,204,10.38004759,83.44518113,6.138958698,67.3917379,Traube
12,142,203,31.3115978,82.56407013,5.972850838,65.01095312,Traube
8,133,195,20.46657776,80.97598029,6.456079585,71.29813872,Traube
8,139,199,29.36947679,81.53996362,6.336426667,66.13442813,Traube
21,134,202,10.72302459,80.02130636,6.425419926,65.2982112,Traube
40,140,195,14.97846952,80.49979873,6.294395676,71.63437433,Traube
39,127,202,15.3246651,81.67215994,6.477768039,71.60102999,Traube
19,120,195,18.73932187,81.12109244,5.931538447,73.55807954,Traube
21,139,201,19.3642553,83.36094029,5.980598579,67.15094741,Traube
17,136,195,41.20733624,81.61051026,6.389783283,65.90227462,Traube
33,139,203,33.34214482,82.51034633,5.693287415,70.68098614,Traube
22,133,201,23.81995682,80.12211649,6.00299607,67.2739864,Traube
32,130,196,40.66012294,81.24995984,6.372959542,74.03030056,Traube
37,135,205,11.82768186,80.2827185,5.510924849,74.10225057,Traube
15,140,195,13.28504331,83.54193816,5.69945282,65.80006004,Traube
39,132,196,35.83089092,83.32560104,5.778594403,73.67984885,Traube
40,121,199,26.18159716,81.03886263,6.315586313,66.05911698,Traube
40,132,202,24.57558351,80.70695797,5.971813006,69.706113,Traube
29,142,203,29.67229086,83.71498986,5.891195653,66.48490371,Traube
32,121,199,39.37102553,81.25353895,6.129812716,74.08101744,Traube
6,140,205,17.66558428,82.92903419,6.313085601,69.8671263,Traube
8,120,196,24.06679352,82.66396666,6.053662544,69.81855775,Traube
34,133,202,15.31413469,80.09711412,5.804799142,74.82144653,Traube
35,135,199,21.77466746,80.54942557,6.400719746,69.39630398,Traube
16,145,199,26.91624843,80.76838926,5.953966361,69.30927185,Traube
8,136,201,41.65602996,82.22118237,5.609255992,74.19664838,Traube
25,129,195,17.98667801,81.17712085,5.777271492,72.37127689,Traube
16,130,201,29.12033769,82.79092939,5.682395429,68.8503047,Traube
39,129,203,34.38922481,83.18392806,5.863996687,71.03001556,Traube
38,135,203,41.36106301,82.79782954,6.444373116,69.92107482,Traube
33,120,205,35.12158265,82.26890793,5.550832178,69.71518491,Traube
35,125,204,19.6491772,80.15215777,6.107741788,73.69529586,Traube
1,132,200,16.27852801,82.94270065,5.620745638,66.57462809,Traube
39,140,203,21.11903604,80.63399198,6.349875906,69.27779761,Traube
28,145,202,19.2077707,82.9042841,6.484323189,66.83113717,Traube
6,128,200,25.96308415,82.57813624,5.838748311,70.31782647,Traube
6,139,199,25.67385024,81.6212135,6.29099842,74.10919422,Traube
29,122,196,41.94865736,81.15595212,5.638328481,73.06862952,Traube
37,144,197,11.18994268,80.8084305,6.415555956,66.34234944,Traube
38,120,197,17.5438296,82.94703302,6.323722572,73.77063744,Traube
38,141,198,13.05809741,80.28297993,5.757009965,70.75633584,Traube
14,121,203,9.724457611,83.74765639,6.158689406,74.46411148,Traube
6,125,204,27.92004934,82.93262435,5.733539807,69.92092839,Traube
32,138,197,9.535585543,80.73112694,5.908724337,69.44115171,Traube
11,124,204,13.42988625,80.06633966,6.361141107,71.40043037,Traube
23,138,200,9.851242629,80.22631717,5.96537863,68.42802444,Traube
40,143,201,24.97256132,82.72828653,6.476757723,66.70016285,Traube
6,142,202,27.23708304,82.94573346,6.224542938,70.42508897,Traube
37,124,195,18.70679077,83.4795292,6.209928251,66.5964488,Traube
35,134,204,9.949929082,82.55138983,5.841138354,66.00817551,Traube
119,25,51,26.47330219,80.92254421,6.283818329,53.65742581,Wassermelone
119,19,55,25.18780042,83.44621709,6.818261383,46.87420883,Wassermelone
105,30,50,25.29954705,81.77527562,6.37620108,57.04147057,Wassermelone
114,8,50,24.74631269,88.30866319,6.581587932,57.95826144,Wassermelone
93,22,52,26.58740671,81.32563243,6.932739726,41.87540028,Wassermelone
80,26,55,24.53442564,88.989272,6.140099215,49.11618732,Wassermelone
85,27,45,26.0713757,88.7285657,6.467095849,57.79652846,Wassermelone
85,22,53,25.96534238,89.77076659,6.849471704,59.46338556,Wassermelone
82,22,45,26.22338015,85.34866045,6.512196212,54.60159289,Wassermelone
118,13,54,24.41311871,89.81574032,6.039584629,44.07843475,Wassermelone
83,25,53,26.49195283,80.04678201,6.057697106,57.72799157,Wassermelone
86,15,47,24.04355803,84.18406764,6.423898762,53.78929956,Wassermelone
101,10,47,25.5421695,83.31883376,6.936997681,57.57343233,Wassermelone
119,9,50,26.74550678,83.9195902,6.251286661,40.794305,Wassermelone
104,17,46,25.7131428,80.22972777,6.190015912,43.08961827,Wassermelone
95,12,51,25.76484262,84.1726996,6.681606702,44.22066914,Wassermelone
102,14,52,26.79489868,89.64815231,6.51075991,57.74091817,Wassermelone
109,21,55,24.9004602,89.73524177,6.770278088,57.44942094,Wassermelone
81,18,50,26.80750629,88.22874955,6.429788073,58.79889057,Wassermelone
103,17,51,25.11189154,80.02621335,6.209888345,44.20656987,Wassermelone
105,14,50,26.2148837,87.6883982,6.419052193,59.65590798,Wassermelone
97,8,52,24.9103226,86.97190046,6.237861736,49.48575692,Wassermelone
120,19,49,25.79448878,84.26830701,6.762471629,56.45229202,Wassermelone
95,16,55,25.26931156,87.55055105,6.612847999,40.12650421,Wassermelone
83,29,52,25.76402693,87.5931128,6.704688865,46.05122728,Wassermelone
83,9,45,25.85483596,89.13163965,6.049609892,46.85176955,Wassermelone
91,21,50,24.33528185,81.44030363,6.762030215,48.32113628,Wassermelone
116,5,54,25.37601283,80.99313508,6.65398725,57.23028471,Wassermelone
112,28,54,24.86094646,85.05318563,6.738030547,55.29563514,Wassermelone
88,29,51,24.71885473,88.94568335,6.095689937,48.45978627,Wassermelone
118,15,45,24.21495706,84.20576992,6.538006356,48.01138482,Wassermelone
92,21,48,25.81692236,82.043255,6.377427122,54.82963379,Wassermelone
106,14,45,24.47018505,84.16390229,6.417011754,57.26773002,Wassermelone
99,5,47,24.13078816,84.84494575,6.649086972,51.19470197,Wassermelone
98,8,51,26.1793464,86.52258079,6.25933595,49.43050977,Wassermelone
108,22,46,26.17668721,86.7295205,6.121168559,53.33484977,Wassermelone
119,7,55,26.03867719,84.6378378,6.031424482,44.3993381,Wassermelone
117,27,48,26.53259325,82.39053979,6.835268184,54.30660782,Wassermelone
109,10,53,26.81938687,87.8274604,6.551750306,46.06193778,Wassermelone
80,16,46,25.50405534,81.40297428,6.940236218,48.47833278,Wassermelone
100,18,52,26.20234499,80.38266489,6.87606733,56.47941847,Wassermelone
91,7,53,25.13735887,89.28272716,6.457216535,43.52897517,Wassermelone
86,6,53,25.92030221,83.47202566,6.921847888,42.10681516,Wassermelone
107,5,52,26.6634609,89.98405233,6.881425746,57.40847165,Wassermelone
103,16,49,24.06731461,81.64075303,6.915717008,51.75212401,Wassermelone
101,20,48,24.6774157,82.75411437,6.206247494,57.05709413,Wassermelone
85,25,47,26.11440416,87.64081095,6.29542477,58.48160844,Wassermelone
84,7,51,26.81530456,87.65694462,6.399669044,55.74073582,Wassermelone
102,28,54,25.15623099,80.27525115,6.862157042,55.49541453,Wassermelone
98,25,52,25.2801372,83.15393658,6.224066378,49.29456609,Wassermelone
97,25,50,26.22005978,80.90127035,6.093814669,49.08553937,Wassermelone
90,16,45,24.92093261,80.61750795,6.291540278,50.55710813,Wassermelone
95,12,46,26.21667586,81.01009354,6.32281728,54.65423596,Wassermelone
82,23,49,26.81383586,87.21986949,6.873283991,51.70497792,Wassermelone
82,25,51,24.31334971,87.47409052,6.074209622,48.11248366,Wassermelone
110,28,46,24.29105004,88.04541346,6.49889585,51.26046418,Wassermelone
118,21,51,24.42998931,86.33904774,6.678805092,48.58241822,Wassermelone
120,20,45,25.66576039,88.6984228,6.114128685,54.22722466,Wassermelone
91,7,52,25.07803672,83.46230461,6.405054243,56.39962921,Wassermelone
81,6,55,24.88910524,85.87059083,6.110142735,51.70699144,Wassermelone
101,13,54,25.42900869,82.91481799,6.828982708,56.34144589,Wassermelone
101,17,55,24.37118217,87.1269128,6.451499764,44.63907691,Wassermelone
111,6,53,26.4930645,88.59143088,6.313512999,46.06382209,Wassermelone
107,10,49,25.83202912,89.00481725,6.755192025,45.24690619,Wassermelone
115,11,46,24.41592661,89.39655519,6.623167177,40.32161859,Wassermelone
84,25,52,24.37190239,81.2514818,6.12532356,44.20899581,Wassermelone
120,7,47,24.24782473,83.03687902,6.653867608,54.7657624,Wassermelone
91,12,46,24.64458469,85.49938185,6.343942518,48.31219031,Wassermelone
89,22,52,24.89681131,86.10782926,6.217300786,53.14626213,Wassermelone
113,19,46,25.41864024,81.12122989,6.286387658,49.52320689,Wassermelone
97,22,50,26.26028739,86.14585891,6.7698938,58.97878791,Wassermelone
117,30,50,24.90123934,87.20772913,6.744966312,46.59207341,Wassermelone
90,14,52,24.84740848,89.20454622,6.391858432,59.67927244,Wassermelone
104,23,47,26.98212846,86.70068316,6.770434148,42.91292205,Wassermelone
81,16,45,26.90435747,86.25426228,6.727468157,59.75980023,Wassermelone
88,5,47,25.86475496,86.67468041,6.662244646,41.16554802,Wassermelone
92,7,45,26.70607759,81.14149505,6.944640222,51.51033554,Wassermelone
81,18,50,26.44019475,80.91934337,6.507110986,47.81847573,Wassermelone
111,5,55,26.283443,84.42478917,6.520663422,50.78669728,Wassermelone
108,23,51,26.84366082,83.85039964,6.106500787,40.228644,Wassermelone
113,30,50,26.03967219,83.9862443,6.277484043,43.87712348,Wassermelone
83,10,53,24.92994759,85.00802358,6.195142279,48.75859458,Wassermelone
101,11,51,25.50736962,84.24340241,6.792035575,44.2068997,Wassermelone
114,21,55,25.4438391,87.9392312,6.472756256,57.51549686,Wassermelone
99,6,45,26.12588914,86.5507939,6.000975617,40.71210074,Wassermelone
92,20,55,25.10474753,87.5267616,6.587791262,59.26519444,Wassermelone
92,7,48,26.27520631,86.63249555,6.956508826,54.38748495,Wassermelone
91,24,55,26.27061608,83.09194521,6.259086583,46.76837499,Wassermelone
110,21,54,26.73690828,87.82430156,6.747537642,47.46447019,Wassermelone
112,25,51,25.04746944,85.5667282,6.932537231,56.72496677,Wassermelone
89,25,54,24.69368934,85.56967628,6.353107393,48.99390828,Wassermelone
100,10,53,24.54356968,84.60808277,6.211748957,42.00660251,Wassermelone
83,22,54,25.89762315,81.96664832,6.277245254,54.49960057,Wassermelone
95,14,50,26.6333118,84.31756844,6.560443519,56.31866159,Wassermelone
119,30,49,25.35794749,80.45846265,6.903020221,47.72078245,Wassermelone
97,12,47,25.28784623,89.63667876,6.765094964,58.28697664,Wassermelone
110,7,45,26.63838589,84.69546874,6.189213927,48.32428609,Wassermelone
96,18,50,25.3310446,84.30533791,6.904241707,41.53218699,Wassermelone
83,23,55,26.89750174,83.89241484,6.463271076,43.97193745,Wassermelone
120,24,47,26.98603693,89.4138489,6.260838965,58.54876687,Wassermelone
115,17,55,27.57826922,94.11878202,6.776533055,28.08253201,Zuckermelone
114,27,48,27.82054812,93.03555162,6.528404378,26.32405487,Zuckermelone
101,25,52,29.09910406,94.22237826,6.750145572,22.52497327,Zuckermelone
118,18,52,28.04943594,90.83130708,6.562832807,20.76223014,Zuckermelone
95,26,45,29.91690582,94.55695552,6.117530021,28.16057247,Zuckermelone
81,25,49,29.86895762,93.25103208,6.076459669,26.26243014,Zuckermelone
117,24,53,29.17220859,92.21405224,6.293486295,21.30290472,Zuckermelone
114,30,51,29.24908541,90.06998135,6.069171847,25.93496537,Zuckermelone
113,6,52,27.76317235,90.35567642,6.740983646,25.21609113,Zuckermelone
108,26,52,28.82629037,94.26765349,6.201797639,26.23838511,Zuckermelone
81,30,48,28.52379742,92.09688432,6.041027474,29.86681385,Zuckermelone
115,9,52,29.06785065,90.97685539,6.019372459,29.1194739,Zuckermelone
83,7,45,29.08417927,90.73891887,6.704104127,25.33014238,Zuckermelone
84,21,55,28.47090661,94.79453182,6.494251024,21.08484101,Zuckermelone
109,26,45,28.27973674,90.38971208,6.224535449,21.58992507,Zuckermelone
95,27,55,28.47212559,91.21322065,6.160414414,20.88620369,Zuckermelone
119,5,55,29.68846716,94.30111601,6.168757984,26.83924845,Zuckermelone
110,14,51,27.02415146,91.66737633,6.085444691,21.26034986,Zuckermelone
82,18,48,29.09588297,94.16748386,6.159050816,26.70581328,Zuckermelone
87,14,48,29.69238699,92.58862544,6.606033244,29.1102594,Zuckermelone
85,9,53,28.20619412,92.86798698,6.447662945,28.78654515,Zuckermelone
100,6,53,29.05248036,93.92217834,6.105909623,23.66620626,Zuckermelone
107,12,46,29.57240298,93.61870344,6.559763394,27.56918621,Zuckermelone
91,13,47,29.10968327,92.43510994,6.14410903,27.95602304,Zuckermelone
102,25,50,28.20480805,92.91440379,6.099662369,20.36001144,Zuckermelone
117,25,53,29.11858526,92.12543021,6.413927319,24.52020164,Zuckermelone
85,21,52,29.62800691,90.10051615,6.075144116,23.69586761,Zuckermelone
104,25,55,29.81196601,90.36881284,6.123802502,22.68766503,Zuckermelone
102,24,54,27.72338349,90.93897939,6.698468621,22.81863447,Zuckermelone
116,25,50,29.26092798,92.92367701,6.088885814,28.70627683,Zuckermelone
100,17,48,29.72791119,94.29753295,6.367800632,26.52364146,Zuckermelone
110,25,54,28.91105641,90.78413842,6.425930938,23.44398467,Zuckermelone
104,25,51,28.96361426,93.88482153,6.469983276,23.56130173,Zuckermelone
107,11,54,28.59052369,91.33617236,6.094016338,29.44008034,Zuckermelone
98,26,52,27.33897716,90.69759008,6.150090899,28.69113835,Zuckermelone
88,17,52,29.90415889,90.75284363,6.646962425,25.37828397,Zuckermelone
87,25,46,27.42711692,90.02696201,6.379690748,21.7508774,Zuckermelone
120,8,46,29.55657523,90.70937262,6.732834334,28.36535596,Zuckermelone
95,13,46,29.84070774,93.76312893,6.126019932,23.28207838,Zuckermelone
108,22,47,28.53545677,91.72742702,6.161123579,25.1290048,Zuckermelone
82,13,52,27.11535046,94.86907886,6.442810053,26.51924782,Zuckermelone
120,23,55,27.84492803,91.60666594,6.732049075,26.47844429,Zuckermelone
110,22,47,29.03157242,91.82172592,6.243673725,24.93861254,Zuckermelone
95,23,45,27.82424457,90.56698742,6.266208727,21.19014526,Zuckermelone
106,10,49,27.72653142,92.00687531,6.350623739,20.21126747,Zuckermelone
99,12,52,28.69708334,94.30759855,6.002927293,22.21807088,Zuckermelone
106,20,51,29.73019662,90.97015715,6.342573112,20.49035619,Zuckermelone
83,11,53,29.54097171,92.91778307,6.163921248,21.9653077,Zuckermelone
117,19,55,28.80311922,91.78336933,6.121745389,25.16359891,Zuckermelone
98,26,49,27.29035669,90.53330091,6.130160473,23.49535234,Zuckermelone
113,20,48,27.46583649,94.87679041,6.440584681,27.27899847,Zuckermelone
101,17,47,29.49401389,94.72981338,6.185053234,26.30820876,Zuckermelone
98,7,45,27.79161808,92.51054946,6.157724816,26.85422624,Zuckermelone
93,22,48,29.12533739,91.52291141,6.776987974,21.90440445,Zuckermelone
95,21,47,27.93114233,93.56161439,6.431970877,20.66127836,Zuckermelone
109,12,48,29.45771748,92.12534736,6.708743843,20.76212031,Zuckermelone
118,12,47,27.96872279,92.17444796,6.010739645,28.94766949,Zuckermelone
100,14,49,29.48882958,91.07574233,6.365956658,26.01909355,Zuckermelone
89,9,47,29.47156259,90.77069618,6.668382766,28.75226067,Zuckermelone
95,16,46,27.0767265,90.14362622,6.74669542,24.4514648,Zuckermelone
95,7,45,27.30008597,90.80015308,6.031665834,25.09484511,Zuckermelone
87,6,45,29.82729394,90.79007335,6.40077205,22.84203589,Zuckermelone
93,20,50,29.93061247,93.22980899,6.448792689,24.34814338,Zuckermelone
84,29,49,29.94349168,93.90741192,6.251420275,20.39020503,Zuckermelone
111,5,47,28.03306461,91.47355778,6.274452811,21.17924769,Zuckermelone
111,5,52,29.8843055,94.0371147,6.135996372,21.0000988,Zuckermelone
111,15,54,27.7058373,92.91185695,6.194090172,22.06207161,Zuckermelone
89,11,47,29.78714005,94.65343534,6.327822962,27.8659442,Zuckermelone
110,15,48,28.57819995,92.86597437,6.212567211,27.5987178,Zuckermelone
95,30,52,29.48069921,90.33698678,6.640470863,26.0365768,Zuckermelone
115,12,52,27.51492243,94.96218673,6.685553129,21.01796432,Zuckermelone
120,25,50,28.05457761,94.81637388,6.327210469,21.84869328,Zuckermelone
102,11,45,29.03167341,93.12603235,6.35544263,24.15591199,Zuckermelone
94,5,55,28.5854649,91.89216849,6.085682344,26.88372572,Zuckermelone
84,18,46,27.08808014,93.42402083,6.781050373,25.32159689,Zuckermelone
107,22,54,27.99611732,90.84660317,6.630301421,21.61893763,Zuckermelone
80,18,52,27.87317436,91.14849627,6.484799661,24.05207925,Zuckermelone
86,18,45,28.96586565,90.71832938,6.566759102,22.25838137,Zuckermelone
113,28,48,28.87726019,92.48839665,6.170520518,24.44267592,Zuckermelone
115,18,53,29.17052093,94.19790371,6.012480351,22.06994464,Zuckermelone
82,20,54,29.34033587,90.01506395,6.541150335,21.44532907,Zuckermelone
98,22,47,29.07265321,91.91533173,6.341400922,28.83568362,Zuckermelone
117,25,54,28.68275966,92.50969311,6.150686364,29.11187663,Zuckermelone
83,15,49,28.92705913,91.39356832,6.438008153,23.20076686,Zuckermelone
120,16,51,27.99901833,91.64193051,6.547041903,23.28618248,Zuckermelone
111,5,50,27.59350075,91.79742953,6.399891457,24.84266123,Zuckermelone
85,21,47,29.87331077,90.60932469,6.186770318,24.69720481,Zuckermelone
90,23,54,28.55852465,90.45773041,6.159020864,27.26588346,Zuckermelone
99,29,55,29.19378695,91.46241065,6.660954816,26.48240255,Zuckermelone
102,11,47,27.98780984,92.78226196,6.504906979,27.14509034,Zuckermelone
80,18,51,28.05380704,91.81758779,6.706053225,20.76582087,Zuckermelone
87,21,52,27.3506296,94.2911951,6.067665498,27.21244021,Zuckermelone
114,8,52,29.34081108,94.5513539,6.419083092,28.22908103,Zuckermelone
99,6,46,28.61475136,94.22253035,6.39637861,28.98574189,Zuckermelone
89,25,50,27.04863538,91.34685096,6.375923383,25.08146686,Zuckermelone
96,13,55,29.5275305,94.57459443,6.700337732,21.13545688,Zuckermelone
82,26,47,28.50416396,93.46806467,6.565312653,24.20007242,Zuckermelone
106,21,52,28.89578588,94.78993038,6.286515359,23.0362503,Zuckermelone
90,15,52,27.04927452,91.3821731,6.448061578,23.65747461,Zuckermelone
106,16,54,28.96017885,91.69532178,6.585872508,24.7458198,Zuckermelone
91,21,26,26.33377983,57.36469955,7.261313694,191.6549412,Kaffee
107,21,26,26.45288458,55.32222678,7.235070264,144.6861336,Kaffee
83,38,35,25.70822684,52.88667115,7.18915558,136.7325092,Kaffee
108,24,31,24.12832546,56.18107663,6.431899748,147.2757818,Kaffee
116,28,34,23.44372334,60.39523266,6.42321105,122.2103248,Kaffee
116,23,25,23.4123707,52.26994674,6.869720196,139.3670753,Kaffee
109,31,27,23.05951896,50.40609436,6.973839707,164.4971875,Kaffee
89,25,34,23.07895447,63.65861483,7.184801627,129.8765443,Kaffee
118,18,32,27.6496114,51.11044023,6.351823783,122.8392822,Kaffee
111,32,34,25.46743689,69.35161206,6.392048018,171.3764462,Kaffee
84,36,28,26.7350622,55.55164819,6.119892347,140.6305213,Kaffee
85,33,25,26.20811417,52.50987966,6.910823945,189.0944824,Kaffee
99,15,27,27.0424167,57.27927475,6.501157208,165.6872119,Kaffee
81,30,31,24.65090184,51.93952357,7.027585559,135.1386537,Kaffee
95,39,29,27.35152643,55.99375012,7.13411409,148.9812525,Kaffee
81,34,30,25.17787724,62.26244581,6.647765997,135.0119649,Kaffee
80,15,28,23.11438731,68.00096043,6.703270635,161.8944624,Kaffee
104,20,26,27.22783677,52.95261751,7.493191968,175.7260273,Kaffee
109,29,28,23.26316991,60.5160021,6.724688503,194.1755471,Kaffee
100,32,26,25.234661,57.53161469,6.043485685,124.2261737,Kaffee
100,24,28,25.59535262,57.72920846,7.101661011,195.7733251,Kaffee
83,21,28,25.5674832,60.49244602,7.466900683,190.2257843,Kaffee
120,23,28,25.67324193,51.29043632,6.877799264,196.2736367,Kaffee
104,26,30,24.40726724,62.65692638,6.410992833,148.6977358,Kaffee
108,33,31,23.69287069,66.76090123,7.393825704,144.6576424,Kaffee
91,25,26,24.53460016,66.99765375,7.482414225,180.5059257,Kaffee
86,26,27,27.13140403,52.89368299,6.081172981,192.4280381,Kaffee
98,18,27,27.56088634,68.49299897,6.516312148,167.4358075,Kaffee
111,27,31,23.59302313,55.27564977,6.043330951,191.3980675,Kaffee
84,39,35,23.17714381,52.13864034,6.959404135,117.3113562,Kaffee
98,27,27,24.71384065,51.29142534,7.238109556,197.6439711,Kaffee
118,21,34,24.38534644,64.72543073,7.234258375,119.6324109,Kaffee
103,27,31,27.15998538,51.59100753,6.691541233,126.1752206,Kaffee
82,24,33,26.53543168,67.09608099,6.809593554,120.6494434,Kaffee
86,31,35,27.01207284,60.76645256,6.485761419,191.4508931,Kaffee
88,35,35,27.55906475,58.45742907,6.784460602,117.9389993,Kaffee
84,27,29,23.32293161,53.00366334,7.167092586,168.2644287,Kaffee
120,40,33,24.23850608,54.30329632,6.73410539,115.1564012,Kaffee
106,40,30,23.42611644,64.10651528,6.779984384,122.6847408,Kaffee
113,21,33,26.02241444,55.83288958,7.277422738,176.9020924,Kaffee
117,34,25,24.83846178,56.7685316,7.21270048,124.4135035,Kaffee
80,30,25,26.24092174,65.64381357,7.487266991,148.3771202,Kaffee
88,21,27,24.43011925,66.02411187,7.231166546,181.6368274,Kaffee
113,33,34,26.00373964,62.1445102,6.559817161,153.477776,Kaffee
87,23,28,26.22367404,62.26594559,6.979590627,193.7461968,Kaffee
113,15,29,27.09617155,63.55324262,6.779230041,190.2440566,Kaffee
98,29,30,25.64004392,61.03273481,6.217974349,199.4735636,Kaffee
97,29,27,27.74576987,54.36976075,7.205078785,139.8619431,Kaffee
85,35,32,26.24928198,54.28617819,6.854011265,133.1120232,Kaffee
82,29,35,26.67377159,52.24226285,6.246872394,156.1543898,Kaffee
103,33,25,27.10210397,55.7497332,6.911066044,139.5013171,Kaffee
112,17,28,27.62975458,61.26002598,6.777417989,196.6492664,Kaffee
99,19,33,27.5364547,55.51673151,6.273741983,130.6377143,Kaffee
120,20,34,23.56960509,50.56339727,6.906124587,130.3797119,Kaffee
114,27,28,24.99451759,57.93250202,7.162802357,192.8736822,Kaffee
100,40,35,27.56441788,54.41094079,6.955787351,177.816092,Kaffee
108,35,25,23.98143338,61.10935084,6.971963169,161.5279095,Kaffee
115,31,30,24.22984659,67.37768353,6.840927967,122.4073418,Kaffee
87,28,30,25.60153969,68.66257977,6.536676653,168.8383605,Kaffee
82,24,26,24.31274458,53.57285558,6.089443603,184.4103931,Kaffee
94,26,27,26.36629861,52.25738495,7.456460375,177.3176161,Kaffee
87,28,35,26.5602777,57.1621814,6.759211911,152.0616227,Kaffee
118,40,35,26.35034208,58.50650238,7.460174812,121.5586297,Kaffee
87,38,29,25.20406808,57.88370456,6.652642579,156.1457255,Kaffee
92,40,30,23.35723208,55.18792166,6.026287448,171.6976946,Kaffee
97,22,26,23.60567546,59.68849145,6.074190142,185.1568059,Kaffee
99,40,32,24.18471151,69.94807345,7.045543056,163.2708732,Kaffee
89,28,33,26.44414097,53.83876189,6.993236001,175.3723314,Kaffee
112,39,29,26.12492233,63.37479229,6.726528895,147.8035305,Kaffee
111,28,26,27.77363343,64.47858698,6.937352845,192.7121236,Kaffee
114,20,26,25.55656667,62.67087838,7.27905689,193.5866233,Kaffee
117,26,30,27.92374437,67.96910852,7.079850922,115.2325531,Kaffee
111,29,31,26.05968403,52.31098539,6.136286518,161.3432535,Kaffee
119,30,28,26.35770906,64.57578034,6.505203696,163.6269496,Kaffee
116,40,33,24.91370487,54.15319242,7.042089492,129.5481144,Kaffee
95,37,35,27.31317116,68.4233391,6.348337519,192.4288139,Kaffee
86,40,33,26.1387869,52.26311691,7.432322234,136.3027766,Kaffee
117,37,32,23.1069385,67.06230539,6.787658922,162.5769606,Kaffee
105,18,35,23.52648086,68.44030686,6.743417121,171.8839938,Kaffee
109,23,25,25.11711046,68.48030408,7.00733163,194.8773479,Kaffee
80,18,31,24.02952505,58.84880599,7.303033217,134.6803969,Kaffee
101,31,26,26.70897548,69.71184111,6.861235184,158.8608887,Kaffee
103,33,33,26.71717393,50.50148528,7.131435858,126.8073984,Kaffee
93,26,27,24.59245684,56.46829641,7.288211994,137.7044047,Kaffee
104,35,28,27.51006055,50.66687215,6.983732393,143.9955548,Kaffee
116,36,25,27.57847581,58.52534263,6.172090205,156.6810374,Kaffee
107,38,29,26.65069302,57.56695719,6.35118177,145.105065,Kaffee
101,33,33,26.97251562,62.0183627,6.908671379,142.8610793,Kaffee
107,31,31,23.17124551,52.97841162,6.766184468,153.1201644,Kaffee
99,16,30,23.52652084,65.44340921,6.392791654,186.1728203,Kaffee
103,40,30,27.30901814,55.196224,6.348316257,141.4831644,Kaffee
118,31,34,27.54823036,62.88179198,6.123796057,181.4170812,Kaffee
106,21,35,25.627355,57.04151119,7.428523634,188.5506536,Kaffee
116,38,34,23.29250318,50.04557009,6.020947179,183.468585,Kaffee
97,35,26,24.91461008,53.74144743,6.334610249,166.2549307,Kaffee
107,34,32,26.77463708,66.4132686,6.78006386,177.7745075,Kaffee
99,15,27,27.41711238,56.63636248,6.086922359,127.92461,Kaffee
118,33,30,24.13179691,67.22512329,6.362607851,173.3228386,Kaffee
117,32,34,26.2724184,52.12739421,6.758792552,127.1752928,Kaffee
104,18,30,23.60301571,60.39647474,6.779832611,140.9370415,Kaffee
