Monat,Ferien,Wochentag,Arbeitstag,Temperatur,GefuehlteTemperatur,Feuchtigkeit,Windgeschwindigkeit,AnzahlVerlieheneFahrraeder,Wettersituation
Januar,0,Sonntag,0,8.175849,7.99925,0.805833,0.160446,985,nebel
Januar,0,Montag,0,9.083466,7.3467740000000035,0.696087,0.248539,801,nebel
Januar,0,Dienstag,1,1.229108,-3.499270000000001,0.437273,0.248309,1349,klar_wenig_bewoelkt
Januar,0,Mittwoch,1,1.4000000000000004,-1.999948,0.590435,0.160296,1562,klar_wenig_bewoelkt
Januar,0,Donnerstag,1,2.6669789999999995,-0.8681800000000006,0.436957,0.1869,1600,klar_wenig_bewoelkt
Januar,0,Freitag,1,1.6043559999999992,-0.6082059999999991,0.518261,0.0895652,1606,klar_wenig_bewoelkt
Januar,0,Samstag,1,1.236534000000001,-2.216626,0.498696,0.168726,1510,nebel
Januar,0,Sonntag,0,-0.2449999999999992,-5.291236,0.535833,0.266804,959,nebel
Januar,0,Montag,0,-1.4983489999999993,-8.33245,0.434167,0.36195,822,klar_wenig_bewoelkt
Januar,0,Dienstag,1,-0.9108490000000008,-6.041392,0.482917,0.223267,1321,klar_wenig_bewoelkt
Januar,0,Mittwoch,1,-0.0527230000000003,-3.3633760000000006,0.686364,0.122132,1263,nebel
Januar,0,Donnerstag,1,0.1181689999999999,-5.408782,0.599545,0.304627,1162,klar_wenig_bewoelkt
Januar,0,Freitag,1,-0.2449999999999992,-6.041722,0.470417,0.301,1406,klar_wenig_bewoelkt
Januar,0,Samstag,1,-0.4391099999999994,-3.5647420000000007,0.537826,0.126548,1421,klar_wenig_bewoelkt
Januar,0,Sonntag,0,2.9666510000000006,0.3753920000000015,0.49875,0.157963,1248,nebel
Januar,0,Montag,0,2.888349,-0.5416779999999992,0.48375,0.188433,1204,klar_wenig_bewoelkt
Januar,1,Dienstag,0,0.264151,-4.333113999999998,0.5375,0.194017,1000,nebel
Januar,0,Mittwoch,1,2.183349,-0.6660219999999999,0.861667,0.146775,683,nebel
Januar,0,Donnerstag,1,5.732177999999999,3.695852000000002,0.741739,0.208317,1650,nebel
Januar,0,Freitag,1,4.298349,0.8333000000000013,0.538333,0.195904,1927,nebel
Januar,0,Samstag,1,0.3424999999999993,-5.583022,0.457083,0.353242,1543,klar_wenig_bewoelkt
Januar,0,Sonntag,0,-5.2208712,-10.7814064,0.4,0.17197,981,klar_wenig_bewoelkt
Januar,0,Montag,0,-3.4634801,-9.4766194,0.436522,0.2466,986,klar_wenig_bewoelkt
Januar,0,Dienstag,1,-3.4226089,-8.21662,0.491739,0.15833,1416,klar_wenig_bewoelkt
Januar,0,Mittwoch,1,2.5034660000000013,-0.5212839999999996,0.616957,0.129796,1985,nebel
Januar,0,Donnerstag,1,2.2225,-2.5624,0.8625,0.29385,506,leichter_schnee_gewitter_leichter_regen
Januar,0,Freitag,1,1.165000000000001,-1.4998000000000005,0.6875,0.113837,431,klar_wenig_bewoelkt
Januar,0,Samstag,1,1.563466,-1.2610780000000013,0.793043,0.1233,1167,nebel
Januar,0,Sonntag,0,1.236534000000001,-1.999684,0.651739,0.145365,1098,klar_wenig_bewoelkt
Januar,0,Montag,0,2.176534,0.5212520000000005,0.722174,0.0739826,1096,klar_wenig_bewoelkt
Januar,0,Dienstag,1,0.4991509999999994,-3.7075,0.60375,0.187192,1501,nebel
Februar,0,Mittwoch,1,1.032178,-0.52102,0.829565,0.053213,1360,nebel
Februar,0,Donnerstag,1,4.220000000000001,0.7915220000000005,0.775417,0.264308,1526,nebel
Februar,0,Freitag,1,0.7869790000000005,-4.260052,0.437826,0.277752,1550,klar_wenig_bewoelkt
Februar,0,Samstag,1,1.9312880000000003,-0.913257999999999,0.585217,0.127839,1708,nebel
Februar,0,Sonntag,0,2.9666510000000006,0.0418279999999988,0.929167,0.161079,1005,nebel
Februar,0,Montag,0,5.434151,3.2502860000000027,0.568333,0.1418,1623,klar_wenig_bewoelkt
Februar,0,Dienstag,1,4.768348999999999,4.041428,0.738333,0.0454083,1712,klar_wenig_bewoelkt
Februar,0,Mittwoch,1,2.379151,-2.915764,0.537917,0.36195,1530,klar_wenig_bewoelkt
Februar,0,Donnerstag,1,-1.6651990000000003,-6.477322000000001,0.494783,0.188839,1605,nebel
Februar,0,Freitag,1,-1.2156440000000002,-6.129832,0.437391,0.221935,1538,klar_wenig_bewoelkt
Februar,0,Samstag,1,0.887277000000001,-1.908406,0.506364,0.10855,1746,klar_wenig_bewoelkt
Februar,0,Sonntag,0,2.4575,-0.6250359999999997,0.544167,0.203367,1472,klar_wenig_bewoelkt
Februar,0,Montag,0,6.876534000000001,5.391458,0.457391,0.260883,1589,klar_wenig_bewoelkt
Februar,0,Dienstag,1,11.505,10.2911,0.375833,0.417908,1913,klar_wenig_bewoelkt
Februar,0,Mittwoch,1,4.506089000000001,0.7820840000000011,0.314348,0.291374,1815,klar_wenig_bewoelkt
Februar,0,Donnerstag,1,6.958267000000001,4.869199999999999,0.423478,0.251791,2115,klar_wenig_bewoelkt
Februar,0,Freitag,1,12.484151,12.291428,0.505,0.230104,2475,klar_wenig_bewoelkt
Februar,0,Samstag,1,16.518349,17.790878,0.516667,0.264925,2927,klar_wenig_bewoelkt
Februar,0,Sonntag,0,10.760849,9.832663999999998,0.187917,0.507463,1635,klar_wenig_bewoelkt
Februar,0,Montag,0,5.405199,2.30378,0.407826,0.223235,1812,klar_wenig_bewoelkt
Februar,1,Dienstag,0,6.2566510000000015,2.7489500000000007,0.605,0.307846,1107,nebel
Februar,0,Mittwoch,1,0.5644340000000003,-3.721822,0.577778,0.195683,1450,klar_wenig_bewoelkt
Februar,0,Donnerstag,1,2.421733,0.2173219999999993,0.423043,0.094113,1917,klar_wenig_bewoelkt
Februar,0,Freitag,1,5.895644000000001,3.086606,0.697391,0.250496,1807,nebel
Februar,0,Samstag,1,9.124356,7.130426,0.712174,0.346539,1461,nebel
Februar,0,Sonntag,0,5.277499999999998,2.6246720000000003,0.537917,0.186571,1969,klar_wenig_bewoelkt
Februar,0,Montag,0,8.143466,7.173193999999999,0.68,0.125248,2402,klar_wenig_bewoelkt
Februar,0,Dienstag,1,11.141831,10.407787999999996,0.876364,0.289686,1446,nebel
Maerz,0,Mittwoch,1,4.533348999999999,1.416013999999997,0.535,0.216425,1851,klar_wenig_bewoelkt
Maerz,0,Donnerstag,1,7.745000000000001,5.1246860000000005,0.449583,0.307833,2134,klar_wenig_bewoelkt
Maerz,0,Freitag,1,1.321651000000001,-2.7912219999999994,0.318333,0.225754,1685,klar_wenig_bewoelkt
Maerz,0,Samstag,1,4.298349,0.8748140000000006,0.610417,0.203346,1944,nebel
Maerz,0,Sonntag,0,10.055848999999998,8.999413999999998,0.789167,0.251871,2077,nebel
Maerz,0,Montag,0,9.696534,8.172632,0.948261,0.343287,605,nebel
Maerz,0,Dienstag,1,4.3017330000000005,-0.2615739999999995,0.551304,0.341352,1872,klar_wenig_bewoelkt
Maerz,0,Mittwoch,1,5.747499999999999,3.958400000000001,0.420833,0.12065,2133,klar_wenig_bewoelkt
Maerz,0,Donnerstag,1,5.904151000000001,2.916127999999997,0.775417,0.22015,1891,nebel
Maerz,0,Freitag,1,10.287277,9.454088000000002,0.0,0.261877,623,leichter_schnee_gewitter_leichter_regen
Maerz,0,Samstag,1,6.876534000000001,4.129999999999999,0.649565,0.23297,1977,nebel
Maerz,0,Sonntag,0,7.470848999999999,5.499499999999998,0.594583,0.220775,2132,klar_wenig_bewoelkt
Maerz,0,Montag,0,10.064356,9.086006,0.527391,0.270604,2417,klar_wenig_bewoelkt
Maerz,0,Dienstag,1,7.285198999999999,5.912000000000003,0.496957,0.136926,2046,klar_wenig_bewoelkt
Maerz,0,Mittwoch,1,6.917376999999998,4.999748,0.655652,0.184309,2056,nebel
Maerz,0,Donnerstag,1,9.165199,8.217379999999999,0.776522,0.203117,2192,nebel
Maerz,0,Freitag,1,11.505,11.081978,0.602917,0.209579,2744,klar_wenig_bewoelkt
Maerz,0,Samstag,1,17.380000000000003,18.782594,0.525217,0.231017,3239,klar_wenig_bewoelkt
Maerz,0,Sonntag,0,14.2075,14.790650000000005,0.379167,0.368167,3117,klar_wenig_bewoelkt
Maerz,0,Montag,0,7.627500000000001,5.499499999999998,0.47375,0.207721,2471,klar_wenig_bewoelkt
Maerz,0,Dienstag,1,12.230445,11.04251,0.737391,0.288783,2077,nebel
Maerz,0,Mittwoch,1,12.758349,13.082372,0.624583,0.22575,2703,klar_wenig_bewoelkt
Maerz,0,Donnerstag,1,8.306979000000002,6.303974,0.839565,0.234261,2121,nebel
Maerz,0,Freitag,1,5.395,1.8749779999999987,0.805833,0.243787,1865,nebel
Maerz,0,Samstag,1,4.415849,0.916591999999998,0.495,0.230725,2210,klar_wenig_bewoelkt
Maerz,0,Sonntag,0,4.494150999999999,0.9996860000000004,0.394167,0.209571,2496,klar_wenig_bewoelkt
Maerz,0,Montag,0,3.893021000000001,0.5223739999999992,0.493913,0.1843,1693,nebel
Maerz,0,Dienstag,1,4.424356000000001,0.9998840000000015,0.302174,0.212204,2028,klar_wenig_bewoelkt
Maerz,0,Mittwoch,1,6.217499999999999,3.3319280000000013,0.314167,0.226996,2425,klar_wenig_bewoelkt
Maerz,0,Donnerstag,1,6.1,3.6251,0.646667,0.172888,1536,nebel
Maerz,0,Freitag,1,4.611651,0.9999499999999985,0.918333,0.217646,1685,leichter_schnee_gewitter_leichter_regen
April,0,Samstag,1,6.1,2.7079640000000005,0.68625,0.258708,2227,nebel
April,0,Sonntag,0,6.805,4.832042000000001,0.65375,0.197146,2252,nebel
April,0,Montag,0,9.781651,8.998622000000001,0.48,0.182213,3249,klar_wenig_bewoelkt
April,0,Dienstag,1,18.946651,19.833314,0.42625,0.385571,3115,klar_wenig_bewoelkt
April,0,Mittwoch,1,11.465849,10.2911,0.642083,0.388067,1795,nebel
April,0,Donnerstag,1,10.369151,9.582128,0.470833,0.263063,2808,klar_wenig_bewoelkt
April,0,Freitag,1,12.5625,12.623936,0.602917,0.162312,3141,klar_wenig_bewoelkt
April,0,Samstag,1,7.784151,5.4156140000000015,0.83625,0.226992,1471,nebel
April,0,Sonntag,0,8.0975,6.540914000000001,0.8775,0.133083,2455,nebel
April,0,Montag,0,12.053349,12.164641999999995,0.8575,0.146767,2895,nebel
April,0,Dienstag,1,19.995644,21.304322,0.716956,0.324474,3348,nebel
April,0,Mittwoch,1,15.617499999999996,16.541564,0.739167,0.274879,2034,nebel
April,0,Donnerstag,1,11.3875,11.540678,0.819167,0.250617,2162,nebel
April,0,Freitag,1,13.9725,14.540972,0.540417,0.1107,3267,klar_wenig_bewoelkt
April,1,Samstag,0,12.993348999999998,13.166258,0.67125,0.226375,3126,klar_wenig_bewoelkt
April,0,Sonntag,0,12.249151,12.082472,0.888333,0.340808,795,leichter_schnee_gewitter_leichter_regen
April,0,Montag,0,13.463349,13.415936,0.479583,0.303496,3744,klar_wenig_bewoelkt
April,0,Dienstag,1,16.0875,17.207636,0.5425,0.163567,3429,klar_wenig_bewoelkt
April,0,Mittwoch,1,15.774151,16.291028000000004,0.665833,0.157971,3204,nebel
April,0,Donnerstag,1,19.965,21.249872000000003,0.614167,0.241925,3944,klar_wenig_bewoelkt
April,0,Freitag,1,13.580849,13.956872,0.407083,0.325258,4189,klar_wenig_bewoelkt
April,0,Samstag,1,7.823349,5.248964000000001,0.729583,0.219521,1683,nebel
April,0,Sonntag,0,13.62,13.707985999999998,0.887917,0.230725,4036,nebel
April,0,Montag,0,19.338349,20.416358,0.810833,0.192175,4191,nebel
April,0,Dienstag,1,20.513349,21.917,0.776667,0.185333,4073,klar_wenig_bewoelkt
April,0,Mittwoch,1,21.688349,23.209478000000004,0.729167,0.3265,4400,klar_wenig_bewoelkt
April,0,Donnerstag,1,21.14,21.959372,0.835417,0.3122,3872,nebel
April,0,Freitag,1,21.0225,22.209314,0.700833,0.320908,4058,nebel
April,0,Samstag,1,15.97,16.832558,0.457083,0.240063,4595,klar_wenig_bewoelkt
April,0,Sonntag,0,14.2075,14.625386000000002,0.503333,0.235075,5312,klar_wenig_bewoelkt
Mai,0,Montag,0,13.228348999999998,13.581464,0.762083,0.106354,3351,nebel
Mai,0,Dienstag,1,17.810848999999997,19.166978,0.73,0.183454,4401,nebel
Mai,0,Mittwoch,1,20.983349,22.417214,0.697083,0.342667,4451,nebel
Mai,0,Donnerstag,1,11.465849,10.7069,0.737083,0.328996,2633,nebel
Mai,0,Freitag,1,13.580849,13.166522,0.444167,0.295392,4433,klar_wenig_bewoelkt
Mai,0,Samstag,1,14.520849000000002,15.291722,0.59,0.228246,4608,klar_wenig_bewoelkt
Mai,0,Sonntag,0,16.44,17.832986,0.54125,0.16045,4714,klar_wenig_bewoelkt
Mai,0,Montag,0,16.831651,18.249578,0.631667,0.0746375,4333,klar_wenig_bewoelkt
Mai,0,Dienstag,1,17.0275,18.666236,0.58875,0.176,4362,klar_wenig_bewoelkt
Mai,0,Mittwoch,1,17.0275,18.499586,0.489167,0.115671,4803,klar_wenig_bewoelkt
Mai,0,Donnerstag,1,17.4975,18.8744,0.632917,0.120642,4182,klar_wenig_bewoelkt
Mai,0,Freitag,1,17.145000000000003,18.541958,0.7475,0.189667,4864,klar_wenig_bewoelkt
Mai,0,Samstag,1,16.0875,16.623800000000003,0.863333,0.179725,4105,nebel
Mai,0,Sonntag,0,16.479150999999998,17.041514,0.9225,0.13495,3409,nebel
Mai,0,Montag,0,18.4375,19.376000000000005,0.867083,0.152979,4553,nebel
Mai,0,Dienstag,1,19.1425,20.333792000000003,0.787917,0.126871,3958,klar_wenig_bewoelkt
Mai,0,Mittwoch,1,18.398349,19.542914000000003,0.837917,0.277354,4123,nebel
Mai,0,Donnerstag,1,17.85,18.792428,0.87,0.201492,3855,nebel
Mai,0,Freitag,1,16.949151,17.708972000000003,0.829583,0.108213,4575,nebel
Mai,0,Samstag,1,17.223349,18.916772,0.719583,0.125013,4917,klar_wenig_bewoelkt
Mai,0,Sonntag,0,20.317500000000003,21.75035,0.626667,0.12065,5805,klar_wenig_bewoelkt
Mai,0,Montag,0,20.395849,21.917,0.749583,0.148008,4660,klar_wenig_bewoelkt
Mai,0,Dienstag,1,21.688349,22.959536,0.81,0.233842,4274,nebel
Mai,0,Mittwoch,1,23.020000000000003,23.917658000000003,0.740833,0.207092,4492,nebel
Mai,0,Donnerstag,1,23.059151,24.625772000000005,0.69625,0.154233,4978,klar_wenig_bewoelkt
Mai,0,Freitag,1,25.291651,27.209408000000003,0.6775,0.199642,4677,klar_wenig_bewoelkt
Mai,0,Samstag,1,24.038349000000004,26.042528000000004,0.65375,0.240679,4679,klar_wenig_bewoelkt
Mai,0,Sonntag,0,22.824151,24.417014,0.729583,0.230092,4758,klar_wenig_bewoelkt
Mai,0,Montag,0,23.3725,24.6263,0.81875,0.213938,4788,klar_wenig_bewoelkt
Mai,1,Dienstag,0,26.466651,28.292072000000005,0.685,0.131225,4098,klar_wenig_bewoelkt
Mai,0,Mittwoch,1,28.425000000000004,31.875278,0.636667,0.111329,3982,klar_wenig_bewoelkt
Juni,0,Donnerstag,1,27.915849,31.583822000000005,0.677083,0.207092,3974,nebel
Juni,0,Freitag,1,25.605,26.500172,0.305,0.292287,4968,klar_wenig_bewoelkt
Juni,0,Samstag,1,21.14,22.750778000000004,0.354167,0.253121,5312,klar_wenig_bewoelkt
Juni,0,Sonntag,0,21.845,23.249936,0.45625,0.123142,5342,klar_wenig_bewoelkt
Juni,0,Montag,0,22.471651,24.709064,0.6525,0.138692,4906,nebel
Juni,0,Dienstag,1,23.881651,25.042628,0.6,0.121896,4548,klar_wenig_bewoelkt
Juni,0,Mittwoch,1,25.2525,27.292700000000004,0.597917,0.187808,4833,klar_wenig_bewoelkt
Juni,0,Donnerstag,1,28.464151,32.000414,0.622083,0.136817,4401,klar_wenig_bewoelkt
Juni,0,Freitag,1,29.991651,34.000214,0.568333,0.149883,3915,nebel
Juni,0,Samstag,1,27.485,30.417272000000004,0.605,0.140554,4586,klar_wenig_bewoelkt
Juni,0,Sonntag,0,26.075,28.750508000000004,0.654583,0.15485,4966,klar_wenig_bewoelkt
Juni,0,Montag,0,24.5475,26.459450000000004,0.747917,0.163567,4460,klar_wenig_bewoelkt
Juni,0,Dienstag,1,21.845,23.709164,0.494583,0.30535,5020,klar_wenig_bewoelkt
Juni,0,Mittwoch,1,20.395849,23.042036000000003,0.507083,0.269283,4891,klar_wenig_bewoelkt
Juni,0,Donnerstag,1,21.453349,22.791764,0.471667,0.167912,5180,klar_wenig_bewoelkt
Juni,0,Freitag,1,21.531651,23.292836,0.688333,0.206471,3767,nebel
Juni,0,Samstag,1,22.510849000000004,23.625278,0.735833,0.143029,4844,klar_wenig_bewoelkt
Juni,0,Sonntag,0,24.743349,26.500964000000003,0.670417,0.119408,5119,klar_wenig_bewoelkt
Juni,0,Montag,0,24.860849,26.625836,0.666667,0.102,4744,nebel
Juni,0,Dienstag,1,21.845,23.292836,0.74625,0.155475,4010,nebel
Juni,0,Mittwoch,1,23.999151,26.084636000000003,0.770417,0.171025,4835,nebel
Juni,0,Donnerstag,1,26.466651,29.792714000000004,0.7075,0.172262,4507,klar_wenig_bewoelkt
Juni,0,Freitag,1,26.231651,29.792978000000005,0.703333,0.238804,4790,nebel
Juni,0,Samstag,1,26.035849,27.334478000000004,0.573333,0.222025,4991,klar_wenig_bewoelkt
Juni,0,Sonntag,0,24.665,26.458658,0.483333,0.209571,5202,klar_wenig_bewoelkt
Juni,0,Montag,0,23.96,26.083514,0.513333,0.0945333,5305,klar_wenig_bewoelkt
Juni,0,Dienstag,1,24.0775,26.042264000000003,0.658333,0.107588,4708,nebel
Juni,0,Mittwoch,1,26.975849000000004,29.708828,0.634167,0.144283,4648,klar_wenig_bewoelkt
Juni,0,Donnerstag,1,26.231651,27.209408000000003,0.497917,0.261821,5225,klar_wenig_bewoelkt
Juni,0,Freitag,1,24.743349,26.042528000000004,0.434167,0.185312,5515,klar_wenig_bewoelkt
Juli,0,Samstag,1,25.957500000000003,27.042692,0.39625,0.102608,5362,klar_wenig_bewoelkt
Juli,0,Sonntag,0,26.701651,28.042328,0.444583,0.115062,5119,klar_wenig_bewoelkt
Juli,0,Montag,0,25.683349,28.125950000000003,0.6825,0.228858,4649,nebel
Juli,1,Dienstag,0,26.153349,27.917522000000005,0.637917,0.0814792,6043,nebel
Juli,0,Mittwoch,1,27.093349,29.958308,0.590417,0.126258,4665,klar_wenig_bewoelkt
Juli,0,Donnerstag,1,25.84,29.251778,0.743333,0.149883,4629,klar_wenig_bewoelkt
Juli,0,Freitag,1,27.25,29.333486,0.65125,0.1592,4592,klar_wenig_bewoelkt
Juli,0,Samstag,1,25.330849,28.251878000000005,0.757917,0.225129,4040,nebel
Juli,0,Sonntag,0,26.466651,27.834428000000003,0.609167,0.167912,5336,klar_wenig_bewoelkt
Juli,0,Montag,0,27.1325,29.54165,0.578333,0.183471,4881,klar_wenig_bewoelkt
Juli,0,Dienstag,1,27.8375,32.167064,0.635833,0.282337,4086,klar_wenig_bewoelkt
Juli,0,Mittwoch,1,29.325849,32.79215,0.559167,0.200254,4258,klar_wenig_bewoelkt
Juli,0,Donnerstag,1,27.093349,29.500664,0.631667,0.146133,4342,klar_wenig_bewoelkt
Juli,0,Freitag,1,23.999151,25.916864,0.47625,0.240667,5084,klar_wenig_bewoelkt
Juli,0,Samstag,1,23.176651,25.208486,0.59125,0.182833,5538,klar_wenig_bewoelkt
Juli,0,Sonntag,0,24.273349000000003,26.125358,0.585,0.208342,5923,klar_wenig_bewoelkt
Juli,0,Montag,0,25.800849,28.208978,0.604167,0.245033,5302,klar_wenig_bewoelkt
Juli,0,Dienstag,1,27.093349,30.459050000000005,0.65125,0.215804,4458,klar_wenig_bewoelkt
Juli,0,Mittwoch,1,28.503349,33.333614,0.650417,0.1306,4541,klar_wenig_bewoelkt
Juli,0,Donnerstag,1,28.111651,33.2921,0.707083,0.113817,4332,klar_wenig_bewoelkt
Juli,0,Freitag,1,30.305,38.540486,0.69125,0.222021,3784,nebel
Juli,0,Samstag,1,31.871651,39.499136,0.580417,0.1331,3387,klar_wenig_bewoelkt
Juli,0,Sonntag,0,31.910849,37.082942,0.5,0.131221,3285,klar_wenig_bewoelkt
Juli,0,Montag,0,31.01,36.458714,0.550833,0.169171,3606,klar_wenig_bewoelkt
Juli,0,Dienstag,1,26.936651,31.583228,0.757083,0.0908083,3840,klar_wenig_bewoelkt
Juli,0,Mittwoch,1,28.268349,30.000614,0.540833,0.200258,4590,klar_wenig_bewoelkt
Juli,0,Donnerstag,1,28.425000000000004,29.584022000000004,0.402917,0.183463,4656,klar_wenig_bewoelkt
Juli,0,Freitag,1,28.620849,32.8334,0.583333,0.178479,4390,klar_wenig_bewoelkt
Juli,0,Samstag,1,31.401651,35.873822,0.5425,0.174138,3846,klar_wenig_bewoelkt
Juli,0,Sonntag,0,29.795849,32.083442,0.465833,0.168537,4475,klar_wenig_bewoelkt
Juli,0,Montag,0,29.874151,32.166536,0.480833,0.164813,4302,klar_wenig_bewoelkt
August,0,Dienstag,1,28.268349,30.417272000000004,0.550833,0.156717,4266,klar_wenig_bewoelkt
August,0,Mittwoch,1,28.816651,30.666686,0.49125,0.20585,4845,klar_wenig_bewoelkt
August,0,Donnerstag,1,26.388349,28.875842,0.6575,0.135583,3574,nebel
August,0,Freitag,1,25.37,27.87600800000001,0.7575,0.19715,4576,nebel
August,0,Samstag,1,25.409151,27.333422,0.630833,0.184696,4866,klar_wenig_bewoelkt
August,0,Sonntag,0,25.683349,28.626164000000003,0.755,0.22825,4294,nebel
August,0,Montag,0,26.8975,31.20927200000001,0.752917,0.201487,3785,klar_wenig_bewoelkt
August,0,Dienstag,1,27.955,30.416678,0.592083,0.192175,4326,klar_wenig_bewoelkt
August,0,Mittwoch,1,28.425000000000004,31.791986,0.570417,0.151121,4602,klar_wenig_bewoelkt
August,0,Donnerstag,1,28.033349,29.208878,0.424167,0.200258,4780,klar_wenig_bewoelkt
August,0,Freitag,1,25.722500000000004,27.000386,0.42375,0.164796,4792,klar_wenig_bewoelkt
August,0,Samstag,1,25.291651,27.166772,0.415,0.125621,4905,klar_wenig_bewoelkt
August,0,Sonntag,0,24.234151000000004,26.626628000000004,0.729583,0.211454,4150,nebel
August,0,Montag,0,23.803349,25.209608000000003,0.8175,0.222633,3820,nebel
August,0,Dienstag,1,23.294151,24.667022000000003,0.712083,0.208954,4338,klar_wenig_bewoelkt
August,0,Mittwoch,1,24.939151000000003,26.625242,0.578333,0.236329,4725,klar_wenig_bewoelkt
August,0,Donnerstag,1,25.996651,28.000286000000003,0.575417,0.143667,4694,klar_wenig_bewoelkt
August,0,Freitag,1,25.448349,27.709028000000004,0.654583,0.233208,3805,klar_wenig_bewoelkt
August,0,Samstag,1,24.195,25.792586,0.722917,0.139308,4153,nebel
August,0,Sonntag,0,24.7825,26.833736,0.674167,0.104467,5191,klar_wenig_bewoelkt
August,0,Montag,0,25.409151,28.584650000000003,0.77,0.248754,3873,klar_wenig_bewoelkt
August,0,Dienstag,1,24.508349000000003,26.124764,0.47,0.27675,4758,klar_wenig_bewoelkt
August,0,Mittwoch,1,22.119151,24.000422,0.455417,0.146763,5895,klar_wenig_bewoelkt
August,0,Donnerstag,1,23.646651,25.625672,0.605,0.253108,5130,klar_wenig_bewoelkt
August,0,Freitag,1,24.155849,26.626364,0.771667,0.210833,3542,nebel
August,0,Samstag,1,24.9,27.542378,0.76125,0.0839625,4661,klar_wenig_bewoelkt
August,0,Sonntag,0,23.96,25.946696000000003,0.85,0.375617,1115,nebel
August,0,Montag,0,25.231773,26.765294,0.561765,0.304659,4334,klar_wenig_bewoelkt
August,0,Dienstag,1,21.923349,24.125228,0.554583,0.159825,4634,klar_wenig_bewoelkt
August,0,Mittwoch,1,22.040849,23.250464,0.548333,0.125008,5204,klar_wenig_bewoelkt
August,0,Donnerstag,1,22.863349,24.333986000000003,0.597917,0.0833333,5058,klar_wenig_bewoelkt
September,0,Freitag,1,22.785,24.584786,0.639167,0.141796,5115,klar_wenig_bewoelkt
September,0,Samstag,1,22.236651,23.917328,0.727083,0.139929,4727,nebel
September,0,Sonntag,0,23.450849,25.792058000000004,0.716667,0.185325,4484,klar_wenig_bewoelkt
September,0,Montag,0,25.330849,27.918314,0.742083,0.206467,4940,klar_wenig_bewoelkt
September,1,Dienstag,0,23.646651,25.292636,0.790417,0.212696,3351,nebel
September,0,Mittwoch,1,17.380000000000003,18.0032,0.886957,0.343943,2710,leichter_schnee_gewitter_leichter_regen
September,0,Donnerstag,1,20.160849,19.919114,0.917083,0.0970208,1996,leichter_schnee_gewitter_leichter_regen
September,0,Freitag,1,21.793911,20.653826,0.939565,0.192748,1842,leichter_schnee_gewitter_leichter_regen
September,0,Samstag,1,22.55,22.210435999999994,0.897917,0.124379,3544,nebel
September,0,Sonntag,0,23.020000000000003,24.125492,0.75375,0.153608,5345,klar_wenig_bewoelkt
September,0,Montag,0,22.706651,24.209114,0.71375,0.115054,5046,klar_wenig_bewoelkt
September,0,Dienstag,1,22.284356,23.74058,0.692174,0.088913,4713,klar_wenig_bewoelkt
September,0,Mittwoch,1,22.589151,23.834564,0.7125,0.141804,4763,klar_wenig_bewoelkt
September,0,Donnerstag,1,23.646651,25.3754,0.697083,0.1673,4785,klar_wenig_bewoelkt
September,0,Freitag,1,19.1425,20.542286000000004,0.709167,0.271146,3659,nebel
September,0,Samstag,1,14.050849,14.457350000000002,0.590417,0.164183,4760,nebel
September,0,Sonntag,0,15.108349,15.581792,0.718333,0.189675,4511,nebel
September,0,Montag,0,15.8525,16.375442,0.695,0.178483,4274,klar_wenig_bewoelkt
September,0,Dienstag,1,17.810848999999997,18.95855,0.69,0.151742,4539,nebel
September,0,Mittwoch,1,18.398349,19.126322,0.88125,0.134954,3641,nebel
September,0,Donnerstag,1,19.965,20.33517800000001,0.9,0.0964042,4352,nebel
September,0,Freitag,1,21.531651,20.627558,0.902083,0.128125,4795,nebel
September,0,Samstag,1,20.630849,18.460249999999995,0.9725,0.0783667,2395,nebel
September,0,Sonntag,0,20.513349,21.251192000000003,0.8625,0.0783833,5423,nebel
September,0,Montag,0,21.805849,21.794042,0.845,0.0503792,5010,nebel
September,0,Dienstag,1,22.510849000000004,22.876771999999995,0.848333,0.1107,4630,nebel
September,0,Mittwoch,1,21.923349,21.91865,0.885417,0.118171,4120,nebel
September,0,Donnerstag,1,21.845,21.960428,0.84875,0.148629,3907,nebel
September,0,Freitag,1,20.983349,21.917792,0.699167,0.172883,4839,klar_wenig_bewoelkt
September,0,Samstag,1,18.515849,19.958714,0.6475,0.206475,5202,klar_wenig_bewoelkt
Oktober,0,Sonntag,0,11.27,11.248957999999998,0.75375,0.292296,2429,nebel
Oktober,0,Montag,0,8.763349000000002,6.790921999999998,0.791667,0.222013,2918,nebel
Oktober,0,Dienstag,1,10.055848999999998,9.875036,0.760833,0.0833458,3570,nebel
Oktober,0,Mittwoch,1,14.755849,15.208628,0.71,0.205854,4456,klar_wenig_bewoelkt
Oktober,0,Donnerstag,1,17.301650999999996,18.791108,0.647917,0.17725,4826,klar_wenig_bewoelkt
Oktober,0,Freitag,1,15.225849,15.70805,0.620833,0.134954,4765,klar_wenig_bewoelkt
Oktober,0,Samstag,1,16.009151,17.290664,0.684167,0.0223917,4985,klar_wenig_bewoelkt
Oktober,0,Sonntag,0,16.518349,17.873971999999995,0.70125,0.0454042,5409,klar_wenig_bewoelkt
Oktober,0,Montag,0,17.419151,18.582878,0.7275,0.06345,5511,klar_wenig_bewoelkt
Oktober,1,Dienstag,0,18.829151000000003,19.83305,0.73375,0.0423042,5117,klar_wenig_bewoelkt
Oktober,0,Mittwoch,1,18.633349000000003,20.042336,0.80875,0.143042,4563,nebel
Oktober,0,Donnerstag,1,17.536651,18.169322,0.90625,0.24815,2416,leichter_schnee_gewitter_leichter_regen
Oktober,0,Freitag,1,19.690849,20.419064,0.896667,0.141787,2913,nebel
Oktober,0,Samstag,1,17.889151000000002,18.95855,0.71625,0.223883,3644,nebel
Oktober,0,Sonntag,0,15.813349,16.91585,0.483333,0.258083,5217,klar_wenig_bewoelkt
Oktober,0,Montag,0,16.048348999999998,17.208163999999996,0.486667,0.281717,5041,klar_wenig_bewoelkt
Oktober,0,Dienstag,1,17.105849,17.70785,0.579583,0.175379,4570,klar_wenig_bewoelkt
Oktober,0,Mittwoch,1,17.0275,18.499586,0.701667,0.110087,4748,nebel
Oktober,0,Donnerstag,1,17.461733,17.913967999999997,0.895217,0.243339,2424,leichter_schnee_gewitter_leichter_regen
Oktober,0,Freitag,1,14.364151,14.790650000000005,0.63625,0.422275,4195,klar_wenig_bewoelkt
Oktober,0,Samstag,1,12.0925,11.957335999999998,0.574167,0.221396,4304,klar_wenig_bewoelkt
Oktober,0,Sonntag,0,11.857499999999998,12.082472,0.629167,0.0926667,4308,klar_wenig_bewoelkt
Oktober,0,Montag,0,11.818349,11.873978,0.74125,0.0995125,4381,klar_wenig_bewoelkt
Oktober,0,Dienstag,1,13.776651,14.166422,0.772083,0.118792,4187,klar_wenig_bewoelkt
Oktober,0,Mittwoch,1,14.168349,14.582749999999995,0.622917,0.166658,4687,klar_wenig_bewoelkt
Oktober,0,Donnerstag,1,14.755849,15.207836,0.720417,0.148642,3894,nebel
Oktober,0,Freitag,1,14.09,14.165036,0.812917,0.197763,2659,nebel
Oktober,0,Samstag,1,7.549151,5.041591999999998,0.585833,0.229479,3747,nebel
Oktober,0,Sonntag,0,3.945848999999999,-0.9577419999999996,0.8825,0.351371,627,leichter_schnee_gewitter_leichter_regen
Oktober,0,Montag,0,7.000848999999999,5.207713999999999,0.62375,0.176617,3331,klar_wenig_bewoelkt
Oktober,0,Dienstag,1,7.98,7.500158000000002,0.703333,0.10635,3669,klar_wenig_bewoelkt
November,0,Mittwoch,1,10.839151,10.207808,0.68375,0.135571,4068,klar_wenig_bewoelkt
November,0,Donnerstag,1,9.7425,9.748778,0.71875,0.0820917,4186,klar_wenig_bewoelkt
November,0,Freitag,1,11.191651,10.790785999999995,0.702083,0.136817,3974,klar_wenig_bewoelkt
November,0,Samstag,1,10.956651,10.623872,0.6225,0.271779,4046,nebel
November,0,Sonntag,0,7.353349,5.374364,0.519167,0.189062,3926,klar_wenig_bewoelkt
November,0,Montag,0,8.371651,7.915628000000002,0.734583,0.0920542,3649,klar_wenig_bewoelkt
November,0,Dienstag,1,10.565,10.457486,0.75875,0.057225,4035,klar_wenig_bewoelkt
November,0,Mittwoch,1,11.191651,11.208236,0.721667,0.0690375,4205,klar_wenig_bewoelkt
November,0,Donnerstag,1,10.8,10.999214000000002,0.758333,0.0621958,4109,klar_wenig_bewoelkt
November,0,Freitag,1,9.86,8.665586000000001,0.813333,0.189067,2933,nebel
November,1,Samstag,0,7.235849,4.2499220000000015,0.44625,0.314675,3368,klar_wenig_bewoelkt
November,0,Sonntag,0,8.763349000000002,7.624171999999998,0.552917,0.212062,4067,klar_wenig_bewoelkt
November,0,Montag,0,12.719151,12.4163,0.458333,0.281721,3717,klar_wenig_bewoelkt
November,0,Dienstag,1,16.91,18.624392,0.587083,0.306596,4486,klar_wenig_bewoelkt
November,0,Mittwoch,1,16.91,17.500214,0.68875,0.199633,4195,nebel
November,0,Donnerstag,1,13.463349,13.831208,0.93,0.136829,1817,leichter_schnee_gewitter_leichter_regen
November,0,Freitag,1,8.058349,5.332585999999999,0.575833,0.305362,3053,nebel
November,0,Samstag,1,4.885849,1.9995860000000008,0.41,0.168533,3392,klar_wenig_bewoelkt
November,0,Sonntag,0,7.470848999999999,5.415878000000003,0.502083,0.224496,3663,klar_wenig_bewoelkt
November,0,Montag,0,13.776651,14.165828,0.684583,0.18595,3520,nebel
November,0,Dienstag,1,13.0325,13.374092,0.91,0.138054,2765,leichter_schnee_gewitter_leichter_regen
November,0,Mittwoch,1,11.583349000000002,11.831936000000002,0.9625,0.118792,1607,leichter_schnee_gewitter_leichter_regen
November,0,Donnerstag,1,12.719151,12.415442,0.757917,0.335825,2566,nebel
November,1,Freitag,0,9.546651,8.583086000000002,0.549167,0.167304,1495,klar_wenig_bewoelkt
November,0,Samstag,1,9.625,9.124285999999998,0.64375,0.0988958,2792,klar_wenig_bewoelkt
November,0,Sonntag,0,9.664151,9.415742000000002,0.681667,0.0684208,3068,klar_wenig_bewoelkt
November,0,Montag,0,13.580849,14.0828,0.698333,0.208954,3071,klar_wenig_bewoelkt
November,0,Dienstag,1,15.663466,16.348052000000003,0.743043,0.142122,3867,klar_wenig_bewoelkt
November,0,Mittwoch,1,13.541650999999998,13.790750000000005,0.830833,0.258092,2914,nebel
November,0,Donnerstag,1,7.275,4.540586000000001,0.613333,0.271158,3613,klar_wenig_bewoelkt
Dezember,0,Freitag,1,6.6875,4.166564000000001,0.524583,0.220158,3727,klar_wenig_bewoelkt
Dezember,0,Samstag,1,6.765848999999999,5.874578,0.625833,0.100754,3940,klar_wenig_bewoelkt
Dezember,0,Sonntag,0,6.060849000000001,4.499863999999999,0.612917,0.0957833,3614,klar_wenig_bewoelkt
Dezember,0,Montag,0,7.549151,7.040600000000001,0.775833,0.0839583,3485,klar_wenig_bewoelkt
Dezember,0,Dienstag,1,10.134151,9.99905,0.827083,0.0622083,3811,nebel
Dezember,0,Mittwoch,1,13.7375,14.1224,0.949583,0.232583,2594,leichter_schnee_gewitter_leichter_regen
Dezember,0,Donnerstag,1,11.27,10.416235999999998,0.970417,0.266175,705,leichter_schnee_gewitter_leichter_regen
Dezember,0,Freitag,1,4.494150999999999,0.9579079999999998,0.58,0.240058,3322,klar_wenig_bewoelkt
Dezember,0,Samstag,1,5.669151000000001,4.957771999999999,0.695833,0.0827167,3620,klar_wenig_bewoelkt
Dezember,0,Sonntag,0,4.925000000000001,1.5831920000000004,0.5075,0.233221,3190,klar_wenig_bewoelkt
Dezember,0,Montag,0,2.379151,0.708164,0.49,0.0665417,2743,klar_wenig_bewoelkt
Dezember,0,Dienstag,1,3.201651,1.832936,0.670833,0.06345,3310,klar_wenig_bewoelkt
Dezember,0,Mittwoch,1,5.277499999999998,3.875108000000001,0.59,0.14055,3523,klar_wenig_bewoelkt
Dezember,0,Donnerstag,1,6.922499999999999,6.331892,0.66375,0.0609583,3740,nebel
Dezember,0,Freitag,1,11.857499999999998,11.207642,0.634167,0.268042,3709,nebel
Dezember,0,Samstag,1,9.625,7.748450000000002,0.500417,0.260575,3577,nebel
Dezember,0,Sonntag,0,4.141651,0.4584860000000006,0.560833,0.243167,2739,nebel
Dezember,0,Montag,0,3.201651,0.2082139999999981,0.58625,0.169779,2431,klar_wenig_bewoelkt
Dezember,0,Dienstag,1,5.003349,2.5415779999999977,0.6375,0.172896,3403,klar_wenig_bewoelkt
Dezember,0,Mittwoch,1,10.134151,10.165964,0.595417,0.0615708,3750,nebel
Dezember,0,Donnerstag,1,12.131651000000002,12.249122,0.858333,0.2214,2660,nebel
Dezember,0,Freitag,1,11.896651000000002,12.123986000000002,0.7575,0.047275,3068,nebel
Dezember,0,Samstag,1,9.546651,8.915858,0.68625,0.274246,2209,klar_wenig_bewoelkt
Dezember,0,Sonntag,0,6.217499999999999,3.749972,0.5425,0.190304,1011,klar_wenig_bewoelkt
Dezember,0,Montag,0,4.914801000000001,2.477426000000001,0.681304,0.155091,754,klar_wenig_bewoelkt
Dezember,1,Dienstag,0,7.121732999999999,4.825310000000002,0.506957,0.239465,1317,klar_wenig_bewoelkt
Dezember,0,Mittwoch,1,7.275,5.6237780000000015,0.7625,0.18845,1162,nebel
Dezember,0,Donnerstag,1,6.05911,2.4782839999999986,0.503913,0.293961,2302,klar_wenig_bewoelkt
Dezember,0,Freitag,1,3.6716510000000007,1.4168720000000017,0.574167,0.119412,2423,klar_wenig_bewoelkt
Dezember,0,Samstag,1,6.648349000000001,5.041591999999998,0.636667,0.134337,2999,klar_wenig_bewoelkt
Dezember,0,Sonntag,0,11.27,11.331986,0.615833,0.220154,2485,klar_wenig_bewoelkt
Januar,0,Montag,0,9.39,8.790986,0.6925,0.192167,2294,klar_wenig_bewoelkt
Januar,1,Dienstag,0,4.833020999999999,0.6520639999999993,0.381304,0.329665,1951,klar_wenig_bewoelkt
Januar,0,Mittwoch,1,-0.9500000000000002,-7.665850000000001,0.44125,0.365671,2236,klar_wenig_bewoelkt
Januar,0,Donnerstag,1,-2.9475,-8.123758,0.414583,0.1847,2368,nebel
Januar,0,Freitag,1,4.494150999999999,2.3751919999999984,0.524167,0.129987,3272,klar_wenig_bewoelkt
Januar,0,Samstag,1,7.705848999999999,6.457622000000001,0.542083,0.167908,4098,klar_wenig_bewoelkt
Januar,0,Sonntag,0,10.486650999999998,9.791414,0.531667,0.174758,4521,klar_wenig_bewoelkt
Januar,0,Montag,0,7.862500000000001,6.457028000000001,0.465,0.191542,3425,klar_wenig_bewoelkt
Januar,0,Dienstag,1,2.5358490000000007,0.3336140000000007,0.701667,0.0989,2376,nebel
Januar,0,Mittwoch,1,6.508712000000001,5.042515999999999,0.646522,0.187552,3598,klar_wenig_bewoelkt
Januar,0,Donnerstag,1,4.885849,2.666186,0.8475,0.131221,2177,nebel
Januar,0,Freitag,1,9.9775,9.207908,0.802917,0.180967,4097,nebel
Januar,0,Samstag,1,4.885849,0.4578920000000011,0.5075,0.378108,3214,klar_wenig_bewoelkt
Januar,0,Sonntag,0,0.4599999999999991,-3.916257999999999,0.4575,0.187183,2493,klar_wenig_bewoelkt
Januar,0,Montag,0,-0.1666509999999998,-5.332750000000001,0.419167,0.251258,2311,klar_wenig_bewoelkt
Januar,1,Dienstag,0,0.9299999999999996,-3.4162420000000004,0.5225,0.231358,2298,klar_wenig_bewoelkt
Januar,0,Mittwoch,1,9.533021000000002,8.042348,0.716087,0.34913,2935,nebel
Januar,0,Donnerstag,1,6.2566510000000015,2.1667640000000006,0.443333,0.415429,3376,klar_wenig_bewoelkt
Januar,0,Freitag,1,0.9299999999999996,-3.4574919999999985,0.4975,0.220158,3292,klar_wenig_bewoelkt
Januar,0,Samstag,1,2.2225,-1.4167720000000017,0.45,0.20275,3163,nebel
Januar,0,Sonntag,0,0.1466509999999985,-4.45825,0.83125,0.222642,1301,nebel
Januar,0,Montag,0,-0.3624999999999998,-5.291499999999999,0.79625,0.199638,1977,nebel
Januar,0,Dienstag,1,2.2616510000000005,0.0418279999999988,0.91125,0.110708,2432,nebel
Januar,0,Mittwoch,1,8.0975,7.041127999999997,0.835833,0.123767,4339,klar_wenig_bewoelkt
Januar,0,Donnerstag,1,5.825849,3.4581860000000013,0.64375,0.161071,4270,klar_wenig_bewoelkt
Januar,0,Freitag,1,8.058349,7.499299999999998,0.769583,0.0733958,4075,nebel
Januar,0,Samstag,1,11.974999999999998,11.415278,0.74125,0.342667,3456,nebel
Januar,0,Sonntag,0,6.844150999999998,5.541013999999997,0.543333,0.210829,4023,klar_wenig_bewoelkt
Januar,0,Montag,0,5.277499999999998,1.9995860000000008,0.31125,0.24005,3243,klar_wenig_bewoelkt
Januar,0,Dienstag,1,4.650848999999999,1.3332499999999996,0.400833,0.215792,3624,klar_wenig_bewoelkt
Januar,0,Mittwoch,1,10.330000000000002,9.166922,0.416667,0.261817,4509,klar_wenig_bewoelkt
Februar,0,Donnerstag,1,14.050849,14.791508,0.507917,0.189067,4579,klar_wenig_bewoelkt
Februar,0,Freitag,1,10.760849,10.332086,0.672917,0.187187,3761,nebel
Februar,0,Samstag,1,6.726650999999999,4.416836,0.526667,0.178496,4151,klar_wenig_bewoelkt
Februar,0,Sonntag,0,4.415849,1.9998499999999984,0.779583,0.121896,2832,nebel
Februar,0,Montag,0,4.494150999999999,1.4583860000000008,0.687917,0.175996,2947,nebel
Februar,0,Dienstag,1,5.282622999999999,3.564116000000002,0.622174,0.1538,3784,klar_wenig_bewoelkt
Februar,0,Mittwoch,1,8.645849000000002,7.832863999999997,0.49625,0.147379,4375,klar_wenig_bewoelkt
Februar,0,Donnerstag,1,4.063348999999999,1.583786,0.722917,0.133721,2802,nebel
Februar,0,Freitag,1,4.455,1.291208000000001,0.562083,0.194037,3830,klar_wenig_bewoelkt
Februar,0,Samstag,1,5.1991510000000005,3.374828000000001,0.54,0.116929,3831,nebel
Februar,0,Sonntag,0,2.5358490000000007,-2.082778,0.73125,0.289796,2169,leichter_schnee_gewitter_leichter_regen
Februar,0,Montag,0,-2.0075000000000003,-9.290572,0.464583,0.409212,1529,klar_wenig_bewoelkt
Februar,0,Dienstag,1,2.4575,-0.9577419999999996,0.41125,0.167283,3422,klar_wenig_bewoelkt
Februar,0,Mittwoch,1,7.000848999999999,6.040436,0.50875,0.141179,3922,nebel
Februar,0,Donnerstag,1,8.371651,7.207514000000003,0.53125,0.1816,4169,klar_wenig_bewoelkt
Februar,0,Freitag,1,6.883348999999999,5.790692,0.752917,0.091425,3005,nebel
Februar,0,Samstag,1,8.136651,7.207514000000003,0.634583,0.205846,4154,klar_wenig_bewoelkt
Februar,0,Sonntag,0,8.293349,7.45805,0.534583,0.190929,4318,klar_wenig_bewoelkt
Februar,0,Montag,0,5.160000000000002,1.5420080000000027,0.515833,0.253112,2689,nebel
Februar,1,Dienstag,0,5.160000000000002,2.043806,0.507826,0.229083,3129,klar_wenig_bewoelkt
Februar,0,Mittwoch,1,5.5278220000000005,3.477458000000002,0.594348,0.205717,3777,klar_wenig_bewoelkt
Februar,0,Donnerstag,1,10.604150999999998,9.916021999999998,0.567917,0.234471,4773,klar_wenig_bewoelkt
Februar,0,Freitag,1,13.345849,13.333436,0.554583,0.190913,5062,klar_wenig_bewoelkt
Februar,0,Samstag,1,11.1525,11.124085999999998,0.7375,0.237567,3487,nebel
Februar,0,Sonntag,0,5.669151000000001,0.8745499999999993,0.395833,0.421642,2732,klar_wenig_bewoelkt
Februar,0,Montag,0,5.120849,1.708327999999998,0.41,0.205229,3389,klar_wenig_bewoelkt
Februar,0,Dienstag,1,9.233349,7.6249639999999985,0.490833,0.268033,4322,klar_wenig_bewoelkt
Februar,0,Mittwoch,1,8.880849000000001,7.332649999999997,0.395833,0.193417,4363,klar_wenig_bewoelkt
Februar,0,Donnerstag,1,8.184356000000001,6.999020000000002,0.804783,0.179117,1834,nebel
Maerz,0,Freitag,1,14.834151000000002,15.374485999999996,0.615417,0.226987,4990,klar_wenig_bewoelkt
Maerz,0,Samstag,1,8.606651,7.749572000000001,0.657083,0.144904,3194,nebel
Maerz,0,Sonntag,0,11.465849,11.290472,0.62125,0.161079,4066,nebel
Maerz,0,Montag,0,7.314150999999999,3.9993859999999977,0.403333,0.334571,3423,klar_wenig_bewoelkt
Maerz,0,Dienstag,1,3.4366509999999995,-0.082714000000001,0.50625,0.228858,3333,klar_wenig_bewoelkt
Maerz,0,Mittwoch,1,4.141651,0.8327719999999985,0.456667,0.200875,3956,klar_wenig_bewoelkt
Maerz,0,Donnerstag,1,10.995849,9.4166,0.513333,0.345779,4916,klar_wenig_bewoelkt
Maerz,0,Freitag,1,16.792499999999997,18.623864,0.5675,0.441563,5382,klar_wenig_bewoelkt
Maerz,0,Samstag,1,11.309151,10.207478000000002,0.407083,0.4148,4569,nebel
Maerz,0,Sonntag,0,5.512499999999999,2.3326220000000006,0.350417,0.22575,4118,klar_wenig_bewoelkt
Maerz,0,Montag,0,9.001732999999998,7.738219999999998,0.476957,0.222587,4911,klar_wenig_bewoelkt
Maerz,0,Dienstag,1,13.933349,14.333072,0.489167,0.207713,5298,klar_wenig_bewoelkt
Maerz,0,Mittwoch,1,18.555,19.833314,0.6175,0.23695,5847,klar_wenig_bewoelkt
Maerz,0,Donnerstag,1,18.9075,20.208722,0.507083,0.115062,6312,klar_wenig_bewoelkt
Maerz,0,Freitag,1,18.2025,19.16645,0.579583,0.149883,6192,klar_wenig_bewoelkt
Maerz,0,Samstag,1,12.484151,12.791114,0.842083,0.113192,4378,nebel
Maerz,0,Sonntag,0,16.165849,17.333036,0.755833,0.110704,7836,nebel
Maerz,0,Montag,0,14.2075,14.624000000000002,0.81,0.126883,5892,nebel
Maerz,0,Dienstag,1,17.615000000000002,19.166186,0.72875,0.162317,6153,klar_wenig_bewoelkt
Maerz,0,Mittwoch,1,18.359151,19.543178000000005,0.807917,0.121271,6093,klar_wenig_bewoelkt
Maerz,0,Donnerstag,1,16.988349,17.875028,0.82125,0.0895583,6230,nebel
Maerz,0,Freitag,1,18.045849,19.083422,0.83125,0.117562,6871,klar_wenig_bewoelkt
Maerz,0,Samstag,1,20.278349,21.624422000000003,0.694167,0.1163,8362,nebel
Maerz,0,Sonntag,0,15.617499999999996,16.124378,0.885417,0.192783,3372,nebel
Maerz,0,Montag,0,12.5625,12.874208,0.880833,0.220775,4996,nebel
Maerz,0,Dienstag,1,12.954151,12.9575,0.477917,0.386821,5558,klar_wenig_bewoelkt
Maerz,0,Mittwoch,1,7.196650999999999,4.833164,0.29,0.187192,5102,klar_wenig_bewoelkt
Maerz,0,Donnerstag,1,14.755849,15.0827,0.48125,0.291671,5698,klar_wenig_bewoelkt
Maerz,0,Freitag,1,15.225849,15.832064,0.439167,0.31965,6133,klar_wenig_bewoelkt
Maerz,0,Samstag,1,9.39,8.790986,0.580833,0.138067,5459,nebel
Maerz,0,Sonntag,0,11.935849,11.832728000000005,0.738333,0.250617,6235,nebel
April,0,Montag,0,12.014151000000002,11.540942,0.67625,0.172267,6041,nebel
April,0,Dienstag,1,12.393911,12.215857999999995,0.504348,0.312139,5936,klar_wenig_bewoelkt
April,0,Mittwoch,1,13.933349,14.457877999999996,0.396667,0.100133,6772,klar_wenig_bewoelkt
April,0,Donnerstag,1,17.458349000000002,19.2077,0.469583,0.180975,6436,klar_wenig_bewoelkt
April,0,Freitag,1,12.445,12.456758,0.374167,0.219529,6457,klar_wenig_bewoelkt
April,0,Samstag,1,10.956651,9.790622,0.377083,0.300388,6460,klar_wenig_bewoelkt
April,0,Sonntag,0,12.5625,12.124513999999998,0.254167,0.274871,6857,klar_wenig_bewoelkt
April,0,Montag,0,15.5,16.50005,0.275833,0.232596,5169,klar_wenig_bewoelkt
April,0,Dienstag,1,14.990849,15.458108,0.3175,0.358196,5585,klar_wenig_bewoelkt
April,0,Mittwoch,1,12.993348999999998,12.791377999999998,0.435,0.249375,5918,klar_wenig_bewoelkt
April,0,Donnerstag,1,8.388712000000002,6.260084000000003,0.469565,0.295274,4862,klar_wenig_bewoelkt
April,0,Freitag,1,10.6825,9.581864,0.46625,0.290429,5409,klar_wenig_bewoelkt
April,0,Samstag,1,12.7975,12.499328000000002,0.408333,0.155471,6398,klar_wenig_bewoelkt
April,0,Sonntag,0,15.265,16.207735999999997,0.502917,0.190917,7460,klar_wenig_bewoelkt
April,0,Montag,0,20.513349,21.875750000000004,0.507917,0.225129,7132,klar_wenig_bewoelkt
April,1,Dienstag,0,23.215849,24.585050000000003,0.561667,0.284829,6370,klar_wenig_bewoelkt
April,0,Mittwoch,1,20.591651,23.500142,0.390417,0.273629,6691,klar_wenig_bewoelkt
April,0,Donnerstag,1,13.776651,14.164508,0.569167,0.167912,4367,nebel
April,0,Freitag,1,15.421651,16.541036,0.6125,0.0659292,6565,klar_wenig_bewoelkt
April,0,Samstag,1,16.753349,18.04115,0.694583,0.149871,7290,klar_wenig_bewoelkt
April,0,Sonntag,0,18.79,19.832786,0.682917,0.283587,6624,klar_wenig_bewoelkt
April,0,Montag,0,10.643349,9.707264000000002,0.835417,0.344546,1027,leichter_schnee_gewitter_leichter_regen
April,0,Dienstag,1,7.118348999999999,3.87425,0.766667,0.303496,3214,nebel
April,0,Mittwoch,1,11.426651,10.748678000000002,0.454167,0.249383,5633,klar_wenig_bewoelkt
April,0,Donnerstag,1,14.403349,15.040921999999998,0.427917,0.118792,6196,klar_wenig_bewoelkt
April,0,Freitag,1,15.421651,15.916477999999998,0.756667,0.176625,5026,nebel
April,0,Samstag,1,13.5025,13.874042,0.400833,0.347633,6233,klar_wenig_bewoelkt
April,0,Sonntag,0,9.703349,8.915264,0.489583,0.129975,4220,nebel
April,0,Montag,0,13.541650999999998,13.707985999999998,0.587083,0.116908,6304,klar_wenig_bewoelkt
April,0,Dienstag,1,13.815849,14.207936,0.57,0.171638,5572,nebel
Mai,0,Mittwoch,1,20.826651,22.083386,0.659583,0.156096,5740,nebel
Mai,0,Donnerstag,1,18.515849,19.501136,0.797083,0.138058,6169,klar_wenig_bewoelkt
Mai,0,Freitag,1,18.320000000000004,19.457972,0.768333,0.133696,6421,nebel
Mai,0,Samstag,1,21.4925,23.000522000000004,0.735417,0.162938,6296,klar_wenig_bewoelkt
Mai,0,Sonntag,0,21.218349,22.584128,0.756667,0.152992,6883,nebel
Mai,0,Montag,0,18.4375,20.084642,0.74,0.149879,6359,nebel
Mai,0,Dienstag,1,17.2625,18.791372000000003,0.664167,0.230721,6273,nebel
Mai,0,Mittwoch,1,19.338349,20.793086,0.685833,0.296029,5728,nebel
Mai,0,Donnerstag,1,19.025,20.499650000000003,0.744167,0.216412,4717,nebel
Mai,0,Freitag,1,15.774151,16.457678,0.552083,0.314063,6572,klar_wenig_bewoelkt
Mai,0,Samstag,1,17.066650999999997,18.374978,0.360417,0.236937,7030,klar_wenig_bewoelkt
Mai,0,Sonntag,0,18.515849,19.957922,0.480417,0.123133,7429,klar_wenig_bewoelkt
Mai,0,Montag,0,20.7875,22.625708000000003,0.57625,0.225117,6118,klar_wenig_bewoelkt
Mai,0,Dienstag,1,18.946651,20.293400000000005,0.789583,0.212692,2843,nebel
Mai,0,Mittwoch,1,20.748349,22.042664,0.794583,0.147392,5115,nebel
Mai,0,Donnerstag,1,21.923349,23.33435,0.697917,0.122512,7424,klar_wenig_bewoelkt
Mai,0,Freitag,1,19.886651,21.792458000000003,0.52,0.229475,7384,klar_wenig_bewoelkt
Mai,0,Samstag,1,18.515849,20.373985999999995,0.523333,0.136817,7639,klar_wenig_bewoelkt
Mai,0,Sonntag,0,20.2,21.415928,0.45625,0.083975,8294,klar_wenig_bewoelkt
Mai,0,Montag,0,21.179151,22.541822000000003,0.530417,0.254367,7129,klar_wenig_bewoelkt
Mai,0,Dienstag,1,20.121651,21.334022000000004,0.81125,0.233204,4359,nebel
Mai,0,Mittwoch,1,20.905,22.334450000000004,0.765833,0.118167,6073,nebel
Mai,0,Donnerstag,1,21.218349,22.584392,0.774583,0.102,5260,nebel
Mai,0,Freitag,1,22.785,24.0422,0.716667,0.172896,6770,klar_wenig_bewoelkt
Mai,0,Samstag,1,23.96,25.416914,0.747083,0.14055,6734,klar_wenig_bewoelkt
Mai,0,Sonntag,0,24.5475,26.417936000000005,0.7325,0.198992,6536,klar_wenig_bewoelkt
Mai,0,Montag,0,24.43,26.334050000000005,0.697083,0.215171,6591,klar_wenig_bewoelkt
Mai,1,Dienstag,0,25.487500000000004,28.833800000000004,0.67625,0.196521,6043,klar_wenig_bewoelkt
Mai,0,Mittwoch,1,25.957500000000003,28.417472000000004,0.684583,0.2954,5743,klar_wenig_bewoelkt
Mai,0,Donnerstag,1,22.863349,24.334514,0.67,0.134329,6855,nebel
Mai,0,Freitag,1,23.96,25.667714000000004,0.492917,0.195279,7338,klar_wenig_bewoelkt
Juni,0,Samstag,1,22.745849000000003,24.125492,0.755417,0.237563,4127,nebel
Juni,0,Sonntag,0,19.416651,21.375008,0.549167,0.186562,8120,klar_wenig_bewoelkt
Juni,0,Montag,0,20.317500000000003,21.958778,0.493333,0.184087,7641,klar_wenig_bewoelkt
Juni,0,Dienstag,1,20.082500000000003,22.166678,0.487083,0.284833,6998,klar_wenig_bewoelkt
Juni,0,Mittwoch,1,17.419151,18.708872,0.613333,0.209575,7001,nebel
Juni,0,Donnerstag,1,18.045849,19.791272,0.61125,0.077125,7055,klar_wenig_bewoelkt
Juni,0,Freitag,1,20.317500000000003,21.583172,0.567083,0.15735,7494,klar_wenig_bewoelkt
Juni,0,Samstag,1,22.510849000000004,23.458892,0.467917,0.175383,7736,klar_wenig_bewoelkt
Juni,0,Sonntag,0,25.409151,26.792222,0.437083,0.144287,7498,klar_wenig_bewoelkt
Juni,0,Montag,0,26.153349,27.792122,0.538333,0.133721,6598,klar_wenig_bewoelkt
Juni,0,Dienstag,1,25.879151,27.541586,0.587917,0.207713,6664,nebel
Juni,0,Mittwoch,1,22.706651,23.45975,0.833333,0.214546,4972,nebel
Juni,0,Donnerstag,1,22.824151,24.333722,0.582083,0.343279,7421,klar_wenig_bewoelkt
Juni,0,Freitag,1,22.471651,25.209278000000005,0.569583,0.253733,7363,klar_wenig_bewoelkt
Juni,0,Samstag,1,22.040849,23.583764,0.589583,0.176617,7665,klar_wenig_bewoelkt
Juni,0,Sonntag,0,21.688349,23.250728,0.504167,0.166667,7702,klar_wenig_bewoelkt
Juni,0,Montag,0,19.8475,21.75035,0.59875,0.144904,6978,klar_wenig_bewoelkt
Juni,0,Dienstag,1,18.711651,19.959572,0.777917,0.174746,5099,nebel
Juni,0,Mittwoch,1,24.351651,27.209672000000005,0.69,0.148017,6825,klar_wenig_bewoelkt
Juni,0,Donnerstag,1,28.7775,31.58435,0.592083,0.113812,6211,klar_wenig_bewoelkt
Juni,0,Freitag,1,29.874151,33.667772,0.567917,0.118787,5905,klar_wenig_bewoelkt
Juni,0,Samstag,1,28.5425,31.791986,0.57375,0.182842,5823,klar_wenig_bewoelkt
Juni,0,Sonntag,0,26.388349,27.08427200000001,0.534583,0.179721,7458,klar_wenig_bewoelkt
Juni,0,Montag,0,26.936651,28.500764000000004,0.479167,0.145525,6891,klar_wenig_bewoelkt
Juni,0,Dienstag,1,25.644151,27.166772,0.504167,0.300383,6779,klar_wenig_bewoelkt
Juni,0,Mittwoch,1,21.649151,23.250464,0.373333,0.347642,7442,klar_wenig_bewoelkt
Juni,0,Donnerstag,1,24.7825,26.292272000000004,0.36,0.271775,7335,klar_wenig_bewoelkt
Juni,0,Freitag,1,27.210849000000003,28.583792000000003,0.4225,0.17165,6879,klar_wenig_bewoelkt
Juni,0,Samstag,1,31.205849,35.916458,0.48875,0.165417,5463,klar_wenig_bewoelkt
Juni,0,Sonntag,0,27.955,29.375528000000003,0.60125,0.161071,5687,klar_wenig_bewoelkt
Juli,0,Montag,0,30.344151000000004,33.541514,0.51875,0.168529,5531,klar_wenig_bewoelkt
Juli,0,Dienstag,1,28.738349,30.334508000000007,0.447083,0.195267,6227,klar_wenig_bewoelkt
Juli,0,Mittwoch,1,28.699151,30.3749,0.492083,0.126237,6660,klar_wenig_bewoelkt
Juli,1,Donnerstag,0,29.090849,32.334242,0.53875,0.13495,7403,klar_wenig_bewoelkt
Juli,0,Freitag,1,30.8925,34.250222,0.457917,0.194029,6241,klar_wenig_bewoelkt
Juli,0,Samstag,1,30.931651,33.667178,0.450833,0.146142,6207,klar_wenig_bewoelkt
Juli,0,Sonntag,0,32.498349,37.124258,0.492083,0.163554,4840,klar_wenig_bewoelkt
Juli,0,Montag,0,30.6575,36.166136,0.57375,0.125629,4672,klar_wenig_bewoelkt
Juli,0,Dienstag,1,25.409151,27.167564,0.683333,0.180975,6569,nebel
Juli,0,Mittwoch,1,25.879151,27.876536,0.6675,0.151737,6290,nebel
Juli,0,Donnerstag,1,25.683349,26.917886000000003,0.633333,0.151733,7264,klar_wenig_bewoelkt
Juli,0,Freitag,1,25.644151,27.209078,0.529583,0.146775,7446,klar_wenig_bewoelkt
Juli,0,Samstag,1,26.388349,28.083578000000003,0.485833,0.08085,7499,nebel
Juli,0,Sonntag,0,25.056651,27.958772000000003,0.699167,0.143679,6969,nebel
Juli,0,Montag,0,27.054151,30.542936000000005,0.717917,0.166667,6031,klar_wenig_bewoelkt
Juli,0,Dienstag,1,27.876651000000003,31.792250000000003,0.645,0.164187,6830,klar_wenig_bewoelkt
Juli,0,Mittwoch,1,30.461651,33.875078,0.505833,0.114429,6786,klar_wenig_bewoelkt
Juli,0,Donnerstag,1,29.286651,33.208478,0.577083,0.137442,5713,klar_wenig_bewoelkt
Juli,0,Freitag,1,28.19,31.166372000000003,0.600417,0.165429,6591,klar_wenig_bewoelkt
Juli,0,Samstag,1,23.294151,24.459650000000003,0.844167,0.208967,5870,nebel
Juli,0,Sonntag,0,20.004151,20.294191999999995,0.865417,0.2133,4459,leichter_schnee_gewitter_leichter_regen
Juli,0,Montag,0,23.3725,25.12625000000001,0.7625,0.0939208,7410,nebel
Juli,0,Dienstag,1,26.858349,29.541122,0.694167,0.138683,6966,klar_wenig_bewoelkt
Juli,0,Mittwoch,1,27.289151,30.6257,0.655,0.211454,7592,klar_wenig_bewoelkt
Juli,0,Donnerstag,1,26.035849,27.167564,0.45,0.1648,8173,klar_wenig_bewoelkt
Juli,0,Freitag,1,28.503349,32.791358,0.596667,0.284813,6861,klar_wenig_bewoelkt
Juli,0,Samstag,1,28.738349,32.458322,0.594583,0.152992,6904,klar_wenig_bewoelkt
Juli,0,Sonntag,0,27.524151,30.041864,0.613333,0.15735,6685,klar_wenig_bewoelkt
Juli,0,Montag,0,25.918349,28.083578000000003,0.62375,0.170396,6597,klar_wenig_bewoelkt
Juli,0,Dienstag,1,26.349151,29.209142,0.66875,0.153617,7105,klar_wenig_bewoelkt
Juli,0,Mittwoch,1,25.526651,27.751136,0.704167,0.165425,7216,klar_wenig_bewoelkt
August,0,Donnerstag,1,25.722500000000004,28.042328,0.6775,0.141179,7580,klar_wenig_bewoelkt
August,0,Freitag,1,27.3675,30.667808,0.659583,0.129354,7261,klar_wenig_bewoelkt
August,0,Samstag,1,27.994151,31.709222000000004,0.6425,0.215792,7175,nebel
August,0,Sonntag,0,29.286651,33.583622,0.613333,0.257458,6824,klar_wenig_bewoelkt
August,0,Montag,0,28.150849,32.251214000000004,0.6525,0.290421,5464,klar_wenig_bewoelkt
August,0,Dienstag,1,27.3675,30.87623600000001,0.654167,0.129354,7013,nebel
August,0,Mittwoch,1,26.584151,30.04298600000001,0.70375,0.116908,7273,nebel
August,0,Donnerstag,1,27.25,30.709322,0.672917,0.1107,7534,nebel
August,0,Freitag,1,27.524151,30.167528000000004,0.620417,0.1561,7286,klar_wenig_bewoelkt
August,0,Samstag,1,25.644151,28.084172,0.715833,0.238813,5786,nebel
August,0,Sonntag,0,24.5475,26.125622,0.732917,0.206479,6299,nebel
August,0,Montag,0,24.939151000000003,26.542214,0.530417,0.122512,6544,klar_wenig_bewoelkt
August,0,Dienstag,1,25.879151,27.708764,0.545417,0.136212,6883,klar_wenig_bewoelkt
August,0,Mittwoch,1,26.153349,28.667414,0.686667,0.169158,6784,klar_wenig_bewoelkt
August,0,Donnerstag,1,25.213349,27.166442,0.619583,0.169771,7347,klar_wenig_bewoelkt
August,0,Freitag,1,25.800849,27.209408000000003,0.519167,0.141796,7605,klar_wenig_bewoelkt
August,0,Samstag,1,25.996651,-0.0015999999999998,0.570833,0.231354,7148,klar_wenig_bewoelkt
August,0,Sonntag,0,23.881651,24.792686000000003,0.603333,0.177867,7865,klar_wenig_bewoelkt
August,0,Montag,0,21.884151,23.834564,0.711667,0.08645,4549,nebel
August,0,Dienstag,1,21.884151,23.333822000000005,0.734167,0.129979,6530,nebel
August,0,Mittwoch,1,22.510849000000004,23.66765,0.67375,0.0727708,7006,klar_wenig_bewoelkt
August,0,Donnerstag,1,23.3725,25.042364,0.677083,0.0702833,7375,klar_wenig_bewoelkt
August,0,Freitag,1,24.704151000000003,26.042528000000004,0.635833,0.0845958,7765,klar_wenig_bewoelkt
August,0,Samstag,1,25.0175,26.708600000000004,0.615,0.0721458,7582,nebel
August,0,Sonntag,0,23.098349,24.833936,0.712917,0.244408,6053,nebel
August,0,Montag,0,22.706651,23.335736,0.845833,0.228858,5255,nebel
August,0,Dienstag,1,25.056651,27.209408000000003,0.730417,0.128733,6917,klar_wenig_bewoelkt
August,0,Mittwoch,1,26.231651,27.9593,0.62,0.190925,7040,klar_wenig_bewoelkt
August,0,Donnerstag,1,24.195,25.958378,0.552083,0.112562,7697,klar_wenig_bewoelkt
August,0,Freitag,1,25.213349,27.083414,0.590417,0.0771167,7713,klar_wenig_bewoelkt
August,0,Samstag,1,27.915849,29.5004,0.5875,0.168533,7350,klar_wenig_bewoelkt
September,0,Sonntag,0,27.406651000000004,30.375164,0.638333,0.113187,6140,nebel
September,0,Montag,0,24.743349,26.834000000000003,0.815,0.0640708,5810,nebel
September,1,Dienstag,0,25.2525,27.667514000000004,0.790833,0.151121,6034,klar_wenig_bewoelkt
September,0,Mittwoch,1,26.114151,29.334608000000003,0.755,0.236321,6864,klar_wenig_bewoelkt
September,0,Donnerstag,1,26.623349,30.792878,0.74125,0.187808,7112,klar_wenig_bewoelkt
September,0,Freitag,1,24.743349,27.251714000000007,0.810417,0.142421,6203,nebel
September,0,Samstag,1,25.056651,27.375464,0.73625,0.171646,7504,klar_wenig_bewoelkt
September,0,Sonntag,0,22.980849,24.333986000000003,0.799167,0.281104,5976,nebel
September,0,Montag,0,20.67,22.209050000000005,0.5475,0.224496,8227,klar_wenig_bewoelkt
September,0,Dienstag,1,19.416651,21.333164,0.50375,0.258713,7525,klar_wenig_bewoelkt
September,0,Mittwoch,1,19.1425,20.583272,0.52,0.0920542,7767,klar_wenig_bewoelkt
September,0,Donnerstag,1,20.160849,21.62495,0.577083,0.131846,7870,klar_wenig_bewoelkt
September,0,Freitag,1,20.7875,22.250828,0.637083,0.0827208,7804,klar_wenig_bewoelkt
September,0,Samstag,1,21.766651000000003,23.209478000000004,0.6725,0.103863,8009,klar_wenig_bewoelkt
September,0,Sonntag,0,20.591651,22.667222,0.501667,0.247521,8714,klar_wenig_bewoelkt
September,0,Montag,0,19.26,21.16625,0.57,0.0901833,7333,klar_wenig_bewoelkt
September,0,Dienstag,1,19.299151,20.5013,0.734583,0.151742,6869,nebel
September,0,Mittwoch,1,21.296651,21.294422,0.8725,0.357587,4073,nebel
September,0,Donnerstag,1,17.9675,19.666664,0.536667,0.215175,7591,klar_wenig_bewoelkt
September,0,Freitag,1,17.693349,19.124672,0.618333,0.118167,7720,klar_wenig_bewoelkt
September,0,Samstag,1,20.160849,21.750086000000003,0.66875,0.154229,8167,klar_wenig_bewoelkt
September,0,Sonntag,0,22.55,24.292208,0.646667,0.283583,8395,klar_wenig_bewoelkt
September,0,Montag,0,16.870849000000003,18.249578,0.467083,0.223258,7907,klar_wenig_bewoelkt
September,0,Dienstag,1,16.165849,17.165858,0.492917,0.142404,7436,klar_wenig_bewoelkt
September,0,Mittwoch,1,17.85,19.915814,0.57,0.236321,7538,klar_wenig_bewoelkt
September,0,Donnerstag,1,21.845,23.376458,0.630833,0.2444,7733,klar_wenig_bewoelkt
September,0,Freitag,1,22.55,24.12635,0.690833,0.134342,7393,nebel
September,0,Samstag,1,21.100849,22.666958,0.69,0.164179,7415,nebel
September,0,Sonntag,0,17.4975,18.999536,0.542917,0.227604,8555,klar_wenig_bewoelkt
September,0,Montag,0,16.753349,18.165758,0.583333,0.134958,6889,klar_wenig_bewoelkt
Oktober,0,Dienstag,1,16.479150999999998,17.792,0.649167,0.0908042,6778,nebel
Oktober,0,Mittwoch,1,19.769151,19.793978,0.871667,0.104475,4639,leichter_schnee_gewitter_leichter_regen
Oktober,0,Donnerstag,1,22.9025,23.542778,0.79375,0.0665458,7572,nebel
Oktober,0,Freitag,1,22.9025,24.12635,0.722917,0.117546,7328,nebel
Oktober,0,Samstag,1,20.905,22.292342,0.6275,0.10635,8156,klar_wenig_bewoelkt
Oktober,0,Sonntag,0,18.045849,19.542386,0.664167,0.268025,7965,klar_wenig_bewoelkt
Oktober,0,Montag,0,11.544151,11.707658,0.708333,0.141162,3510,nebel
Oktober,1,Dienstag,0,10.016651,9.582128,0.709583,0.189679,5478,nebel
Oktober,0,Mittwoch,1,12.993348999999998,12.915392,0.761667,0.1903,6392,nebel
Oktober,0,Donnerstag,1,16.165849,17.207372,0.630833,0.187821,7691,klar_wenig_bewoelkt
Oktober,0,Freitag,1,12.445,12.457022000000002,0.463333,0.181596,7570,klar_wenig_bewoelkt
Oktober,0,Samstag,1,12.5625,12.582686,0.539167,0.235092,7282,klar_wenig_bewoelkt
Oktober,0,Sonntag,0,10.486650999999998,9.832136000000002,0.494583,0.146142,7109,klar_wenig_bewoelkt
Oktober,0,Montag,0,16.518349,17.541463999999998,0.640417,0.278612,6639,klar_wenig_bewoelkt
Oktober,0,Dienstag,1,18.398349,19.5839,0.7075,0.296037,5875,nebel
Oktober,0,Mittwoch,1,14.011651,14.415836,0.558333,0.182221,7534,klar_wenig_bewoelkt
Oktober,0,Donnerstag,1,13.424150999999998,13.707128,0.692917,0.101371,7461,klar_wenig_bewoelkt
Oktober,0,Freitag,1,16.557499999999997,17.83325,0.728333,0.236937,7509,nebel
Oktober,0,Samstag,1,18.476651,19.501136,0.815,0.134954,5424,nebel
Oktober,0,Sonntag,0,14.755849,15.207572,0.572917,0.117537,8090,klar_wenig_bewoelkt
Oktober,0,Montag,0,13.815849,14.124313999999998,0.51,0.166054,6824,klar_wenig_bewoelkt
Oktober,0,Dienstag,1,14.912499999999998,15.874171999999998,0.568333,0.0814833,7058,klar_wenig_bewoelkt
Oktober,0,Mittwoch,1,17.575848999999998,19.000064,0.641667,0.0945458,7466,klar_wenig_bewoelkt
Oktober,0,Donnerstag,1,19.6125,20.875586,0.63625,0.0727792,7693,klar_wenig_bewoelkt
Oktober,0,Freitag,1,17.85,18.959408000000003,0.800417,0.124375,7359,nebel
Oktober,0,Samstag,1,17.654151,18.5015,0.807083,0.132467,7444,nebel
Oktober,0,Sonntag,0,16.91,17.998777999999994,0.72,0.235692,7852,nebel
Oktober,0,Montag,0,14.4425,14.872886,0.694583,0.398008,4459,nebel
Oktober,0,Dienstag,1,12.68,13.0004,0.88,0.3582,22,leichter_schnee_gewitter_leichter_regen
Oktober,0,Mittwoch,1,6.954554000000002,4.453993999999998,0.825455,0.213009,1096,nebel
Oktober,0,Donnerstag,1,8.802499999999998,7.832599999999999,0.666667,0.166667,5566,nebel
November,0,Freitag,1,9.194151000000002,8.416172,0.581667,0.157346,5986,nebel
November,0,Samstag,1,8.684999999999999,7.498772000000002,0.522083,0.266175,5847,klar_wenig_bewoelkt
November,0,Sonntag,0,8.136651,5.373836000000001,0.49125,0.270529,5138,nebel
November,0,Montag,0,7.314150999999999,5.749507999999999,0.532917,0.179108,5107,klar_wenig_bewoelkt
November,0,Dienstag,1,7.000848999999999,4.33295,0.494167,0.236325,5259,klar_wenig_bewoelkt
November,0,Mittwoch,1,5.1991510000000005,2.5834220000000023,0.567083,0.173513,5686,klar_wenig_bewoelkt
November,0,Donnerstag,1,5.904151000000001,2.124986,0.5475,0.304108,5035,nebel
November,0,Freitag,1,8.552177999999998,6.564806000000001,0.333478,0.347835,5315,klar_wenig_bewoelkt
November,0,Samstag,1,8.998349000000001,7.457257999999999,0.540833,0.214558,5992,klar_wenig_bewoelkt
November,0,Sonntag,0,10.290848999999998,9.999841999999996,0.645417,0.0578458,6536,klar_wenig_bewoelkt
November,0,Montag,0,11.779151,11.833058,0.659167,0.1275,6852,klar_wenig_bewoelkt
November,1,Dienstag,0,14.794999999999998,15.375278000000002,0.741667,0.173517,6269,klar_wenig_bewoelkt
November,0,Mittwoch,1,8.136651,5.3328500000000005,0.662917,0.342046,4094,nebel
November,0,Donnerstag,1,5.590849,2.583158000000001,0.552083,0.199625,5495,klar_wenig_bewoelkt
November,0,Freitag,1,7.118348999999999,5.416471999999999,0.620417,0.152987,5445,nebel
November,0,Samstag,1,8.215,6.915464,0.524583,0.171025,5698,klar_wenig_bewoelkt
November,0,Sonntag,0,7.275,5.541277999999998,0.545417,0.179729,5629,klar_wenig_bewoelkt
November,0,Montag,0,8.0975,6.291235999999998,0.692917,0.227612,4669,klar_wenig_bewoelkt
November,0,Dienstag,1,9.899151,8.790986,0.623333,0.235067,5499,nebel
November,0,Mittwoch,1,9.585849,9.124022,0.685,0.082725,5634,nebel
November,0,Donnerstag,1,8.606651,8.082871999999998,0.61375,0.103246,5146,klar_wenig_bewoelkt
November,1,Freitag,0,7.98,7.124485999999997,0.580417,0.0528708,2425,klar_wenig_bewoelkt
November,0,Samstag,1,9.311651,8.999413999999998,0.56875,0.148021,3910,klar_wenig_bewoelkt
November,0,Sonntag,0,5.081650999999999,0.4169719999999977,0.404583,0.376871,2277,klar_wenig_bewoelkt
November,0,Montag,0,3.554150999999999,1.000478000000001,0.468333,0.1505,2424,klar_wenig_bewoelkt
November,0,Dienstag,1,6.726650999999999,6.374264,0.535417,0.04665,5087,klar_wenig_bewoelkt
November,0,Mittwoch,1,5.708349,2.5828279999999992,0.786667,0.237562,3959,nebel
November,0,Donnerstag,1,5.943349000000001,3.1242920000000005,0.50625,0.210821,5260,klar_wenig_bewoelkt
November,0,Freitag,1,5.200890000000001,3.695852000000002,0.555652,0.115522,5323,klar_wenig_bewoelkt
November,0,Samstag,1,6.021651,5.375222000000001,0.649583,0.0584708,5668,klar_wenig_bewoelkt
Dezember,0,Sonntag,0,6.021651,4.915664,0.806667,0.0597042,5191,nebel
Dezember,0,Montag,0,8.3325,7.707728000000003,0.823333,0.124379,4649,nebel
Dezember,0,Dienstag,1,13.267500000000002,14.082535999999998,0.7675,0.0827208,6234,klar_wenig_bewoelkt
Dezember,0,Mittwoch,1,14.364151,14.957564,0.73375,0.174129,6606,klar_wenig_bewoelkt
Dezember,0,Donnerstag,1,12.601651,12.248792000000002,0.485,0.324021,5729,klar_wenig_bewoelkt
Dezember,0,Freitag,1,4.024151,1.0414639999999975,0.50875,0.174754,5375,klar_wenig_bewoelkt
Dezember,0,Samstag,1,7.079151,5.249228000000002,0.764167,0.1306,5008,nebel
Dezember,0,Sonntag,0,9.938349,9.707528,0.91125,0.101379,5582,nebel
Dezember,0,Montag,0,10.055848999999998,9.749636,0.905417,0.157975,3228,nebel
Dezember,0,Dienstag,1,12.484151,12.74795,0.925,0.190308,5170,nebel
Dezember,0,Mittwoch,1,8.606651,6.331958,0.596667,0.296037,5501,nebel
Dezember,0,Donnerstag,1,5.9825,3.624307999999999,0.538333,0.162937,5319,nebel
Dezember,0,Freitag,1,5.904151000000001,3.416408000000001,0.485833,0.174129,5532,klar_wenig_bewoelkt
Dezember,0,Samstag,1,5.238349,3.416672000000002,0.642917,0.131229,5611,klar_wenig_bewoelkt
Dezember,0,Sonntag,0,7.235849,6.333278,0.650417,0.10635,5047,klar_wenig_bewoelkt
Dezember,0,Montag,0,9.037499999999998,8.415907999999998,0.83875,0.100742,3786,nebel
Dezember,0,Dienstag,1,10.486650999999998,10.499000000000002,0.907083,0.0982583,4585,nebel
Dezember,0,Mittwoch,1,11.309151,11.040728,0.66625,0.221404,5557,klar_wenig_bewoelkt
Dezember,0,Donnerstag,1,7.627500000000001,6.5826920000000015,0.625417,0.184092,5267,klar_wenig_bewoelkt
Dezember,0,Freitag,1,7.510000000000002,6.124321999999999,0.667917,0.132463,4128,nebel
Dezember,0,Samstag,1,7.353349,3.916622,0.556667,0.374383,3623,nebel
Dezember,0,Sonntag,0,4.494150999999999,-0.4165420000000015,0.44125,0.407346,1749,klar_wenig_bewoelkt
Dezember,0,Montag,0,3.554150999999999,1.1250859999999996,0.515417,0.133083,1787,klar_wenig_bewoelkt
Dezember,0,Dienstag,1,2.871288,1.0874000000000024,0.791304,0.0772304,920,nebel
Dezember,1,Mittwoch,0,5.691288,3.43469,0.734783,0.168726,1013,nebel
Dezember,0,Donnerstag,1,3.4366509999999995,-1.4580219999999997,0.823333,0.316546,441,leichter_schnee_gewitter_leichter_regen
Dezember,0,Freitag,1,3.945848999999999,-1.041627999999999,0.652917,0.350133,2114,nebel
Dezember,0,Samstag,1,3.9066509999999983,0.8330359999999999,0.59,0.155471,3095,nebel
Dezember,0,Sonntag,0,3.9066509999999983,-0.0015999999999998,0.752917,0.124383,1341,nebel
Dezember,0,Montag,0,4.024151,-0.7078000000000007,0.483333,0.350754,1796,klar_wenig_bewoelkt
Dezember,0,Dienstag,1,2.144150999999999,-1.2498579999999997,0.5775,0.154846,2729,nebel
